encoder,method,clean_ndcg10,noisy_ndcg10
MiniLM,Full,0.4874489795691094,0.2626289872165974
MiniLM,PCA-128,0.463019281282292,0.2339549413482623
MiniLM,SVD-128,0.4720116776302463,0.2413114253871218
MiniLM,GaussianRP-128,0.4347582971708689,0.1979127268744737
MiniLM,DAE-128,0.4365041775669014,0.2373756992666012
MiniLM,NoiseProj-CF-128,0.4657249034938557,0.2673637102494003
E5,Full,0.4953026379753082,0.2952311599313403
E5,PCA-128,0.4266244781057515,0.2279248566388182
E5,SVD-128,0.4355427821966904,0.2270060577987328
E5,GaussianRP-128,0.3553200722516927,0.1635879233824323
E5,DAE-128,0.351785696105062,0.191190789759168
E5,NoiseProj-CF-128,0.4603115695843415,0.263708396335777
Nomic,Full,0.4910488863944017,0.2893135565815473
Nomic,PCA-128,0.4360152899963848,0.2260723556273143
Nomic,SVD-128,0.4457009723344662,0.2358536779847428
Nomic,GaussianRP-128,0.4127913078176884,0.1961222730952624
Nomic,DAE-128,0.4069572030639187,0.2288524996126542
Nomic,NoiseProj-CF-128,0.4499488057048524,0.274222852136697
