representation,index,dim,ndcg10,recall100,index_mib,qps,p95_latency_ms,build_s
Full,FLAT,768,0.850,0.990,1532.0,60.5,368.2,4.52
Full,PQ,768,0.828,0.986,48.6,15.7,88.1,75.17
Full,OPQ,768,0.836,0.988,50.9,15.8,88.6,816.70
Native MRL-128,FLAT,128,0.822,0.984,255.3,264.1,68.7,0.79
Native MRL-128,PQ,128,0.730,0.961,8.1,86.3,17.7,8.98
Native MRL-128,OPQ,128,0.721,0.958,8.2,86.2,18.1,96.88
PCA-128,FLAT,128,0.727,0.959,255.3,274.3,68.2,0.54
PCA-128,PQ,128,0.561,0.882,8.1,89.5,17.9,10.17
PCA-128,OPQ,128,0.558,0.880,8.2,90.0,17.9,96.48
NoiseProj-CF-128,FLAT,128,0.775,0.968,255.3,286.1,66.7,0.66
NoiseProj-CF-128,PQ,128,0.670,0.939,8.1,90.2,17.8,14.56
NoiseProj-CF-128,OPQ,128,0.672,0.937,8.2,89.3,18.0,99.64
