encoder,method,recall100_clean,recall100_noisy,mrr10_clean,mrr10_noisy,map100_clean,map100_noisy
MiniLM,Full,0.738,0.514,0.532,0.282,0.413,0.217
MiniLM,PCA-128,0.726,0.482,0.504,0.249,0.392,0.193
MiniLM,SVD-128,0.733,0.496,0.516,0.259,0.399,0.198
MiniLM,GaussianRP-128,0.684,0.419,0.477,0.215,0.366,0.162
MiniLM,DAE-128,0.713,0.506,0.477,0.251,0.370,0.196
MiniLM,NoiseProj-CF-128,0.720,0.529,0.507,0.285,0.393,0.220
E5,Full,0.730,0.532,0.543,0.317,0.421,0.246
E5,PCA-128,0.699,0.475,0.465,0.242,0.362,0.188
E5,SVD-128,0.701,0.469,0.480,0.245,0.370,0.187
E5,GaussianRP-128,0.589,0.354,0.398,0.180,0.302,0.135
E5,DAE-128,0.639,0.444,0.386,0.203,0.295,0.156
E5,NoiseProj-CF-128,0.698,0.495,0.500,0.279,0.390,0.217
Nomic,Full,0.714,0.518,0.535,0.309,0.413,0.239
Nomic,PCA-128,0.692,0.457,0.475,0.240,0.363,0.183
Nomic,SVD-128,0.692,0.468,0.483,0.250,0.371,0.191
Nomic,GaussianRP-128,0.646,0.400,0.455,0.210,0.347,0.159
Nomic,DAE-128,0.674,0.482,0.445,0.243,0.338,0.185
Nomic,NoiseProj-CF-128,0.699,0.525,0.493,0.295,0.374,0.223
