encoder,baseline,baseline_display,noise_mode,noise_level,ndcg10_mean,mrr10_mean,recall100_mean,map100_mean,ndcg10_sd_across_datasets,mrr10_sd_across_datasets,recall100_sd_across_datasets,map100_sd_across_datasets
minilm_l6_v2,matryoshka_adaptor_unsupervised,Matryoshka-Adaptor (independent),ocr_error,0.05,0.48061281853533727,0.4580033491165677,0.8280183211700726,0.43204222082367216,0.20764720577310564,0.19571479546575526,0.18293619492961413,0.21293021287310093
minilm_l6_v2,matryoshka_adaptor_unsupervised,Matryoshka-Adaptor (independent),ocr_error,0.15,0.316951299403828,0.2930842981389934,0.680905924310471,0.280921546420283,0.14908664912139208,0.135348257378215,0.20718782098124158,0.14642392824275854
minilm_l6_v2,matryoshka_adaptor_unsupervised,Matryoshka-Adaptor (independent),ocr_error,0.25,0.18984859537711415,0.17123782011484195,0.5113235267860525,0.16684795960165283,0.0934967770863365,0.0823582219192051,0.1872773781050312,0.08962657838377841
minilm_l6_v2,matryoshka_adaptor_unsupervised,Matryoshka-Adaptor (independent),typo_char,0.05,0.39677902488579664,0.3712821178111873,0.7625980245642678,0.3539650260255099,0.1812575921491101,0.16487235716033238,0.20859644272704853,0.18054311207845056
minilm_l6_v2,matryoshka_adaptor_unsupervised,Matryoshka-Adaptor (independent),typo_char,0.15,0.1465983036490308,0.12840119839941036,0.44559891715891004,0.12747588682484925,0.06867083284828504,0.05587792675909703,0.2026643323882547,0.06314867454516863
minilm_l6_v2,matryoshka_adaptor_unsupervised,Matryoshka-Adaptor (independent),typo_char,0.25,0.042547950202036514,0.03529627982556477,0.19513300642974715,0.03697038106981779,0.022522601787043055,0.016920473506578566,0.11471563477133925,0.020105099416420587
minilm_l6_v2,smec_qrel_free,SMEC-QF,ocr_error,0.05,0.4798688178675488,0.4582274891601321,0.8199797321987291,0.4310767286040089,0.2084510355678217,0.19399212023478143,0.18909304390841314,0.21335042233019916
minilm_l6_v2,smec_qrel_free,SMEC-QF,ocr_error,0.15,0.31875898514572676,0.2950489565383856,0.6811359064532471,0.28220097996883947,0.14981050195700632,0.13359532621383388,0.2194065280540993,0.14688778121533097
minilm_l6_v2,smec_qrel_free,SMEC-QF,ocr_error,0.25,0.19119658831457353,0.17245661191430126,0.5126441531981021,0.16774299098326662,0.09445014488404288,0.08115921776478958,0.19796928879363762,0.08984161603790757
minilm_l6_v2,smec_qrel_free,SMEC-QF,typo_char,0.05,0.39526232314594756,0.3704218869283131,0.7548260396251485,0.3510319979852659,0.1800757337490594,0.16093376006025373,0.21480664132340674,0.17877213971126657
minilm_l6_v2,smec_qrel_free,SMEC-QF,typo_char,0.15,0.14702721416923678,0.12944039471844315,0.4463147523999751,0.1277882107708836,0.06811203888205064,0.05229982167342724,0.21143263944370794,0.0621205443596862
minilm_l6_v2,smec_qrel_free,SMEC-QF,typo_char,0.25,0.04264455026753951,0.03511671529563786,0.20428394855898632,0.03713339301409064,0.021697401436307176,0.014890688896220581,0.12837291030659012,0.019432176074159525
nomic_embed_text_v1_5,matryoshka_adaptor_unsupervised,Matryoshka-Adaptor (independent),ocr_error,0.05,0.4682322801192834,0.44769497225820476,0.8083668855754658,0.4202166673117329,0.17872158538440336,0.16227889916001717,0.19052650328331547,0.18499387993535063
nomic_embed_text_v1_5,matryoshka_adaptor_unsupervised,Matryoshka-Adaptor (independent),ocr_error,0.15,0.32436729007905435,0.29964746624725164,0.6622090384360707,0.2872197008715467,0.13331688844873404,0.108722151209957,0.2418479049839573,0.1288722800485114
nomic_embed_text_v1_5,matryoshka_adaptor_unsupervised,Matryoshka-Adaptor (independent),ocr_error,0.25,0.20958477234904258,0.1883115939865571,0.5144611269057116,0.18458892603384341,0.09984770808001042,0.07573309756449012,0.2645762910887424,0.09176015688946342
nomic_embed_text_v1_5,matryoshka_adaptor_unsupervised,Matryoshka-Adaptor (independent),typo_char,0.05,0.40006344073657174,0.3754660926745411,0.7401631057186387,0.35569050393704227,0.15856126157574035,0.13406125100739538,0.22438705801386838,0.15731390518349317
nomic_embed_text_v1_5,matryoshka_adaptor_unsupervised,Matryoshka-Adaptor (independent),typo_char,0.15,0.1738065751254276,0.1518801726167047,0.4665386302904481,0.14994455894113823,0.09704296614622795,0.06971706160768078,0.2859920422412594,0.08365947672032058
nomic_embed_text_v1_5,matryoshka_adaptor_unsupervised,Matryoshka-Adaptor (independent),typo_char,0.25,0.06191272590865387,0.05071970353720141,0.24941987207430483,0.05404461219411624,0.048221711536457705,0.03601895207401111,0.21508154048761663,0.042019310005888266
nomic_embed_text_v1_5,smec_qrel_free,SMEC-QF,ocr_error,0.05,0.44466289655871094,0.4257614224130135,0.7876321478915083,0.39846922870166146,0.17079598943320579,0.1508000691824268,0.19655248510137904,0.17554881216359125
nomic_embed_text_v1_5,smec_qrel_free,SMEC-QF,ocr_error,0.15,0.30735293361760535,0.28310656102215487,0.6425612102174612,0.2714768913996296,0.13030313349878164,0.10320116879745996,0.24490263936741116,0.12359984078133394
nomic_embed_text_v1_5,smec_qrel_free,SMEC-QF,ocr_error,0.25,0.19816474559967412,0.1768091626727633,0.5033293209977927,0.1728703251377663,0.1006331412791069,0.07487104793662279,0.274097509280844,0.08995551137898067
nomic_embed_text_v1_5,smec_qrel_free,SMEC-QF,typo_char,0.05,0.37674235445768434,0.35294383736077134,0.7198204663612939,0.3343605215371629,0.15132093567111074,0.12531485723899488,0.22982299479628066,0.1490616976641684
nomic_embed_text_v1_5,smec_qrel_free,SMEC-QF,typo_char,0.15,0.16537689518635706,0.14441578210080405,0.45828938556801796,0.14297426337537986,0.0977726468781128,0.06990411887921946,0.2906768395338119,0.08367027720056623
nomic_embed_text_v1_5,smec_qrel_free,SMEC-QF,typo_char,0.25,0.06003966988115385,0.0494910472882461,0.24727130722337098,0.05255779854008872,0.048921176752303286,0.03652628257735796,0.22302209996178757,0.04231265944726087
