corruption_source,mode,severity,dataset,cer,token_error_rate,unchanged_rate,char_length_ratio,empty_outputs,empty_rate_pct
synthetic_text,ocr_error,0.05,,0.029364555213220216,0.16097811451774466,0.2317635408783396,1.002207897179071,,
synthetic_text,ocr_error,0.15,,0.08854850799570478,0.39784868459103073,0.05543536024156246,1.0067393175004276,,
synthetic_text,ocr_error,0.25,,0.14875691629187296,0.5603273927248559,0.021881040655378436,1.0111765796424923,,
synthetic_text,typo_char,0.05,,0.058515916284468304,0.3001638570946504,0.11629566983908568,1.000304853391351,,
synthetic_text,typo_char,0.15,,0.16788635905167473,0.6574195042755412,0.025986175515040302,0.9998260446754235,,
synthetic_text,typo_char,0.25,,0.26754489611571347,0.8354865713557226,0.009357925696594415,1.0006025373128302,,
observed_ocr_render_tesseract,render_degrade_ocr,,scifact,0.2908867648172186,0.7653324270212575,0.0,0.8835989528480052,0,0.0
observed_ocr_render_tesseract,render_degrade_ocr,,quora,0.2599355298620662,0.6822256825894621,0.0004,0.8831652745347854,16,0.16
observed_ocr_render_tesseract,render_degrade_ocr,,fiqa,0.2558053051536102,0.692988164139816,0.0,0.8938780267958734,0,0.0
observed_ocr_render_tesseract,render_degrade_ocr,,arguana,0.3069428066691553,0.7291155028265222,0.0,0.865993057274893,0,0.0
