encoder,left_out_dataset,reference,delta
minilm_l6_v2,arguana,full_native,-0.0034464809822984
minilm_l6_v2,arguana,pca_128,0.028405188022329
minilm_l6_v2,arguana,svd_128,0.0197130601256271
minilm_l6_v2,arguana,gaussian_rp_128,0.0584375687813366
minilm_l6_v2,arguana,dae_128,0.0305336771023339
minilm_l6_v2,fiqa,full_native,0.0064604321070554
minilm_l6_v2,fiqa,pca_128,0.0364690507407591
minilm_l6_v2,fiqa,svd_128,0.0276845693155081
minilm_l6_v2,fiqa,gaussian_rp_128,0.0738924996944677
minilm_l6_v2,fiqa,dae_128,0.0330605131324175
minilm_l6_v2,nfcorpus,full_native,0.006735740627021
minilm_l6_v2,nfcorpus,pca_128,0.0329506780533838
minilm_l6_v2,nfcorpus,svd_128,0.0298247871026827
minilm_l6_v2,nfcorpus,gaussian_rp_128,0.0747230688429074
minilm_l6_v2,nfcorpus,dae_128,0.0273495817817339
minilm_l6_v2,scifact,full_native,0.0079370260962829
minilm_l6_v2,scifact,pca_128,0.0320151640637293
minilm_l6_v2,scifact,svd_128,0.026115218614904
minilm_l6_v2,scifact,gaussian_rp_128,0.0621839321510775
minilm_l6_v2,scifact,dae_128,0.0228107380664302
minilm_l6_v2,scidocs,full_native,0.0058686036345801
minilm_l6_v2,scidocs,pca_128,0.0376859450061931
minilm_l6_v2,scidocs,svd_128,0.0294198396305132
minilm_l6_v2,scidocs,gaussian_rp_128,0.0772082699653889
minilm_l6_v2,scidocs,dae_128,0.0336938544589365
minilm_l6_v2,quora,full_native,0.0048530167141759
minilm_l6_v2,quora,pca_128,0.0329265875204336
minilm_l6_v2,quora,svd_128,0.0235562343844356
minilm_l6_v2,quora,gaussian_rp_128,0.0702605608143812
minilm_l6_v2,quora,dae_128,0.032479701354942
e5_base_v2,arguana,full_native,-0.0535088146111352
e5_base_v2,arguana,pca_128,0.0093516671860691
e5_base_v2,arguana,svd_128,0.0073107761508438
e5_base_v2,arguana,gaussian_rp_128,0.0632028530933922
e5_base_v2,arguana,dae_128,0.055842975680657
e5_base_v2,fiqa,full_native,-0.0216596873129394
e5_base_v2,fiqa,pca_128,0.0446438190857366
e5_base_v2,fiqa,svd_128,0.0466288317464128
e5_base_v2,fiqa,gaussian_rp_128,0.1147558881023794
e5_base_v2,fiqa,dae_128,0.0803680652232529
e5_base_v2,nfcorpus,full_native,-0.0312662051914915
e5_base_v2,nfcorpus,pca_128,0.0381123541936796
e5_base_v2,nfcorpus,svd_128,0.0437264596326542
e5_base_v2,nfcorpus,gaussian_rp_128,0.1076529689966531
e5_base_v2,nfcorpus,dae_128,0.0740438490150179
e5_base_v2,scifact,full_native,-0.0221365248579471
e5_base_v2,scifact,pca_128,0.0441607337537474
e5_base_v2,scifact,svd_128,0.0454928894545063
e5_base_v2,scifact,gaussian_rp_128,0.088849210854656
e5_base_v2,scifact,dae_128,0.0652386513324204
e5_base_v2,scidocs,full_native,-0.0340172549324397
e5_base_v2,scidocs,pca_128,0.0418040872161655
e5_base_v2,scidocs,svd_128,0.0429682912930865
e5_base_v2,scidocs,gaussian_rp_128,0.1145644590917557
e5_base_v2,scidocs,dae_128,0.0850210538049099
e5_base_v2,quora,full_native,-0.0265480946674268
e5_base_v2,quora,pca_128,0.0366285767463544
e5_base_v2,quora,svd_128,0.0340867829447611
e5_base_v2,quora,gaussian_rp_128,0.1116974575812315
e5_base_v2,quora,dae_128,0.0745910444033954
nomic_embed_text_v1_5,arguana,full_native,-0.0110669689007381
nomic_embed_text_v1_5,arguana,pca_128,0.05585333575942
nomic_embed_text_v1_5,arguana,svd_128,0.0470236352335405
nomic_embed_text_v1_5,arguana,gaussian_rp_128,0.0836754239860186
nomic_embed_text_v1_5,arguana,dae_128,0.0507982353491856
nomic_embed_text_v1_5,fiqa,full_native,-0.0139897649477881
nomic_embed_text_v1_5,fiqa,pca_128,0.0515182331438285
nomic_embed_text_v1_5,fiqa,svd_128,0.0408100814343527
nomic_embed_text_v1_5,fiqa,gaussian_rp_128,0.0826619575511443
nomic_embed_text_v1_5,fiqa,dae_128,0.047414874163629
nomic_embed_text_v1_5,nfcorpus,full_native,-0.0185078590628094
nomic_embed_text_v1_5,nfcorpus,pca_128,0.0495521776437239
nomic_embed_text_v1_5,nfcorpus,svd_128,0.0405859917141069
nomic_embed_text_v1_5,nfcorpus,gaussian_rp_128,0.0818385032811464
nomic_embed_text_v1_5,nfcorpus,dae_128,0.0449339759716784
nomic_embed_text_v1_5,scifact,full_native,-0.0158552771340286
nomic_embed_text_v1_5,scifact,pca_128,0.0463556669687771
nomic_embed_text_v1_5,scifact,svd_128,0.0354423736393108
nomic_embed_text_v1_5,scifact,gaussian_rp_128,0.0636934561180083
nomic_embed_text_v1_5,scifact,dae_128,0.042185064865937
nomic_embed_text_v1_5,scidocs,full_native,-0.0179320098316511
nomic_embed_text_v1_5,scidocs,pca_128,0.053179235201317
nomic_embed_text_v1_5,scidocs,svd_128,0.0418203441713263
nomic_embed_text_v1_5,scidocs,gaussian_rp_128,0.0853610156449301
nomic_embed_text_v1_5,scidocs,dae_128,0.0507807062582391
nomic_embed_text_v1_5,quora,full_native,-0.0131923467920866
nomic_embed_text_v1_5,quora,pca_128,0.0324443303392292
nomic_embed_text_v1_5,quora,svd_128,0.0245326187190875
nomic_embed_text_v1_5,quora,gaussian_rp_128,0.0713731176673597
nomic_embed_text_v1_5,quora,dae_128,0.0361092585355869
