dataset,encoder,noise_mode,noise_level,method,method_display,scenario,ndcg10_mean,mrr10_mean,recall100_mean,map100_mean,ndcg10_sd_noise_seed,mrr10_sd_noise_seed,recall100_sd_noise_seed,map100_sd_noise_seed,noise_seeds,clean_ndcg10,absolute_drop_from_clean,retention_fraction
arguana,nomic_embed_text_v1_5,ocr_error,0.15,full_native,Full,clean,0.4830590432776415,0.3915899074357318,0.9835831548893648,0.40255829076968375,0.0,0.0,0.0,0.0,5,0.4830590432776415,0.0,1.0
arguana,nomic_embed_text_v1_5,ocr_error,0.15,full_native,Full,documents_only,0.3891679486361086,0.30606437578600315,0.9466095645967165,0.3201755204088183,0.002663139601654538,0.0030755019566657492,0.0049811124403619945,0.002952311904582023,5,0.4830590432776415,-0.09389109464153289,0.8056322597658764
arguana,nomic_embed_text_v1_5,ocr_error,0.15,full_native,Full,queries_and_documents,0.3838329042559536,0.3039868348005393,0.9334760885082083,0.3181154033119295,0.00512466263637678,0.007016015947752076,0.0065301715982770195,0.007187267355648458,5,0.4830590432776415,-0.09922613902168786,0.7945879693123622
arguana,nomic_embed_text_v1_5,ocr_error,0.15,full_native,Full,queries_only,0.4439430312886614,0.35772690708450877,0.9657387580299787,0.37038192952870036,0.0031726541387738856,0.0038533064999239385,0.0043122933524606406,0.00402205774853209,5,0.4830590432776415,-0.03911601198898007,0.919024366620753
arguana,nomic_embed_text_v1_5,ocr_error,0.15,noiseproj_cf_128,NoiseProj-CF-128,clean,0.4345876182296857,0.3424900581217497,0.979300499643112,0.3547953795752059,0.0,0.0,0.0,0.0,5,0.4345876182296857,0.0,1.0
arguana,nomic_embed_text_v1_5,ocr_error,0.15,noiseproj_cf_128,NoiseProj-CF-128,documents_only,0.37347861746206046,0.2904369894519787,0.9486081370449678,0.30560206750797986,0.004313630926146352,0.004102126275535064,0.0030282945661093616,0.0036404160369096516,5,0.4345876182296857,-0.061109000767625266,0.8593862360447455
arguana,nomic_embed_text_v1_5,ocr_error,0.15,noiseproj_cf_128,NoiseProj-CF-128,queries_and_documents,0.3585547150410009,0.2799749611955179,0.9286224125624554,0.295155390753136,0.003993497706829406,0.005045868090765373,0.007066020654255338,0.004650372698696865,5,0.4345876182296857,-0.07603290318868483,0.8250458595704852
arguana,nomic_embed_text_v1_5,ocr_error,0.15,noiseproj_cf_128,NoiseProj-CF-128,queries_only,0.4048727964814612,0.31947843377179563,0.9547466095645968,0.3333354420730801,0.0025593673588286624,0.003462287326536562,0.0026991677946022795,0.00333466396720507,5,0.4345876182296857,-0.02971482174822454,0.9316252454009865
arguana,nomic_embed_text_v1_5,ocr_error,0.15,pca_128,PCA-128,clean,0.4376248642125963,0.3490882362938037,0.9778729478943612,0.3628237952529984,0.0,0.0,0.0,0.0,5,0.4376248642125963,0.0,1.0
arguana,nomic_embed_text_v1_5,ocr_error,0.15,pca_128,PCA-128,documents_only,0.35712978350282487,0.27739216885897827,0.9379014989293362,0.29315571934283524,0.003649504331319997,0.0040096622614770585,0.002420531757004062,0.0040845588704902305,5,0.4376248642125963,-0.0804950807097714,0.8160637402205116
arguana,nomic_embed_text_v1_5,ocr_error,0.15,pca_128,PCA-128,queries_and_documents,0.35548121167484326,0.27894168564404104,0.9226266952177017,0.2941798417305656,0.002614284492573772,0.0024534338463744836,0.004614769414773641,0.0022593533167687284,5,0.4376248642125963,-0.08214365253775302,0.8122966511842252
arguana,nomic_embed_text_v1_5,ocr_error,0.15,pca_128,PCA-128,queries_only,0.39454398127865226,0.30890492052162283,0.95203426124197,0.3231633690641074,0.0037989740014994456,0.004014132105319406,0.0025932765345589416,0.004175804387921182,5,0.4376248642125963,-0.04308088293394402,0.9015575063097523
arguana,nomic_embed_text_v1_5,typo_char,0.15,full_native,Full,clean,0.4830590432776415,0.3915899074357318,0.9835831548893648,0.40255829076968375,0.0,0.0,0.0,0.0,5,0.4830590432776415,0.0,1.0
arguana,nomic_embed_text_v1_5,typo_char,0.15,full_native,Full,documents_only,0.2820173827206961,0.21577076464656758,0.8506780870806567,0.23119822252562008,0.005627399704872397,0.007115102557968484,0.008191336218669458,0.007418905619410894,5,0.4830590432776415,-0.2010416605569454,0.5838155534925048
arguana,nomic_embed_text_v1_5,typo_char,0.15,full_native,Full,queries_and_documents,0.23901075748870956,0.1812684816967472,0.7785867237687366,0.1958671377603674,0.006322123263968413,0.007336024879595408,0.011199687090026873,0.0070458300950601615,5,0.4830590432776415,-0.24404828578893192,0.49478580478895307
arguana,nomic_embed_text_v1_5,typo_char,0.15,full_native,Full,queries_only,0.3655674786947936,0.2881263383297644,0.9133476088508209,0.3021116315000118,0.005259516316066413,0.006884459173691647,0.005656420487126044,0.006767961690351194,5,0.4830590432776415,-0.11749156458284787,0.7567759754881169
arguana,nomic_embed_text_v1_5,typo_char,0.15,noiseproj_cf_128,NoiseProj-CF-128,clean,0.4345876182296857,0.3424900581217497,0.979300499643112,0.3547953795752059,0.0,0.0,0.0,0.0,5,0.4345876182296857,0.0,1.0
arguana,nomic_embed_text_v1_5,typo_char,0.15,noiseproj_cf_128,NoiseProj-CF-128,documents_only,0.2783485521291106,0.20772067570782768,0.876802284082798,0.22423212051561797,0.0035987780768339346,0.005194814350528842,0.008937887704495958,0.005379590425150316,5,0.4345876182296857,-0.15623906610057514,0.6404889151305719
arguana,nomic_embed_text_v1_5,typo_char,0.15,noiseproj_cf_128,NoiseProj-CF-128,queries_and_documents,0.22297538488885155,0.16655518167295463,0.7757316202712348,0.18194304711783754,0.007485948475611382,0.007517216783205574,0.016264068943470256,0.007353121302797323,5,0.4345876182296857,-0.21161223334083418,0.5130734874526635
arguana,nomic_embed_text_v1_5,typo_char,0.15,noiseproj_cf_128,NoiseProj-CF-128,queries_only,0.32668585398632854,0.2558641786479045,0.8900785153461813,0.27124248259341693,0.0047133583519758295,0.004158347182863672,0.006695811220304679,0.003954113558020125,5,0.4345876182296857,-0.10790176424335718,0.7517145916791178
arguana,nomic_embed_text_v1_5,typo_char,0.15,pca_128,PCA-128,clean,0.4376248642125963,0.3490882362938037,0.9778729478943612,0.3628237952529984,0.0,0.0,0.0,0.0,5,0.4376248642125963,0.0,1.0
arguana,nomic_embed_text_v1_5,typo_char,0.15,pca_128,PCA-128,documents_only,0.25619842463992315,0.19318848214993822,0.8442541042112776,0.2095907015224096,0.003926577988432529,0.005599805888537595,0.008689323508084622,0.005917854961779672,5,0.4376248642125963,-0.18142643957267313,0.5854293153586974
arguana,nomic_embed_text_v1_5,typo_char,0.15,pca_128,PCA-128,queries_and_documents,0.2234614755441017,0.16838630003512228,0.7741613133476088,0.18346068893869208,0.008694581432941608,0.009348774484225901,0.010983802462053624,0.008877244942345913,5,0.4376248642125963,-0.21416338866849458,0.5106233530541471
arguana,nomic_embed_text_v1_5,typo_char,0.15,pca_128,PCA-128,queries_only,0.32130310188732414,0.2488569955700576,0.8886509635974305,0.26432950151476065,0.00434082338821798,0.006316223419674674,0.002622580024393099,0.0064786825924553265,5,0.4376248642125963,-0.11632176232527214,0.7341975471741854
nfcorpus,nomic_embed_text_v1_5,ocr_error,0.15,full_native,Full,clean,0.3461765930102734,0.5288171408914444,0.2976659245321355,0.1606307343094941,0.0,0.0,0.0,0.0,5,0.3461765930102734,0.0,1.0
nfcorpus,nomic_embed_text_v1_5,ocr_error,0.15,full_native,Full,documents_only,0.31523309089877805,0.5164032630596098,0.2853836053680713,0.14093378155122013,0.0023949971403590246,0.006400334632452752,0.0008708013360310601,0.002632301893385359,5,0.3461765930102734,-0.03094350211149538,0.9106135344321877
nfcorpus,nomic_embed_text_v1_5,ocr_error,0.15,full_native,Full,queries_and_documents,0.2331173425058835,0.39826428817140885,0.22748000300438406,0.09971927835252485,0.005838035035951214,0.013654266769193275,0.007016417450034033,0.0025799125231289635,5,0.3461765930102734,-0.11305925050438992,0.673405848959191
nfcorpus,nomic_embed_text_v1_5,ocr_error,0.15,full_native,Full,queries_only,0.24743187948992143,0.40091085557029826,0.23527050253844797,0.11067611998252178,0.005134552405486372,0.013251936565588136,0.008473421591757334,0.003839708707393792,5,0.3461765930102734,-0.098744713520352,0.7147562385379951
nfcorpus,nomic_embed_text_v1_5,ocr_error,0.15,noiseproj_cf_128,NoiseProj-CF-128,clean,0.3281343266850184,0.5130104673448327,0.2971934511966033,0.1506436248988278,0.0,0.0,0.0,0.0,5,0.3281343266850184,0.0,1.0
nfcorpus,nomic_embed_text_v1_5,ocr_error,0.15,noiseproj_cf_128,NoiseProj-CF-128,documents_only,0.3109019670630045,0.5005626812128361,0.29069057720380975,0.13941022734549557,0.0038078981070430143,0.006075715226396214,0.0039032405234024786,0.0013034166707514615,5,0.3281343266850184,-0.017232359622013915,0.9474838253098843
nfcorpus,nomic_embed_text_v1_5,ocr_error,0.15,noiseproj_cf_128,NoiseProj-CF-128,queries_and_documents,0.23725161079734067,0.3951776500073714,0.24331043501136979,0.10436963426553433,0.004084149845885377,0.005903318350733688,0.0036863349839710395,0.0031215268214373876,5,0.3281343266850184,-0.09088271588767774,0.7230319765511227
nfcorpus,nomic_embed_text_v1_5,ocr_error,0.15,noiseproj_cf_128,NoiseProj-CF-128,queries_only,0.24836670242468678,0.4025988992088063,0.24636933355499285,0.11185095610720983,0.004416381227319465,0.01242618980241167,0.004275508981714521,0.0038866606065528385,5,0.3281343266850184,-0.07976762426033163,0.7569055786811908
nfcorpus,nomic_embed_text_v1_5,ocr_error,0.15,pca_128,PCA-128,clean,0.3092077471282561,0.48935819942011893,0.294635291191034,0.1395914653120804,0.0,0.0,0.0,0.0,5,0.3092077471282561,0.0,1.0
nfcorpus,nomic_embed_text_v1_5,ocr_error,0.15,pca_128,PCA-128,documents_only,0.2906225463678236,0.4835616000786279,0.27384809985369973,0.12596858556680074,0.0027607073054477143,0.0033162832280809592,0.004224335704289113,0.0019172773699515516,5,0.3092077471282561,-0.01858520076043252,0.9398941296489458
nfcorpus,nomic_embed_text_v1_5,ocr_error,0.15,pca_128,PCA-128,queries_and_documents,0.19839777813102694,0.33774337805297555,0.20802286394442446,0.08248439910933783,0.005059022045208106,0.016301121120790615,0.008100320419451482,0.003868385466539047,5,0.3092077471282561,-0.11080996899722917,0.6416326239353041
nfcorpus,nomic_embed_text_v1_5,ocr_error,0.15,pca_128,PCA-128,queries_only,0.2039799053642401,0.3377591036414566,0.2213249096358018,0.08936417620260052,0.0030510449812022355,0.013600372421450934,0.0077445051473302075,0.0036013315577601607,5,0.3092077471282561,-0.105227841764016,0.6596856232053959
nfcorpus,nomic_embed_text_v1_5,typo_char,0.15,full_native,Full,clean,0.3461765930102734,0.5288171408914444,0.2976659245321355,0.1606307343094941,0.0,0.0,0.0,0.0,5,0.3461765930102734,0.0,1.0
nfcorpus,nomic_embed_text_v1_5,typo_char,0.15,full_native,Full,documents_only,0.27849436557963364,0.48053835569315445,0.25859749600026893,0.11594228693220106,0.0062790080535381826,0.01311197874980786,0.0036770014221965924,0.003695803756916671,5,0.3461765930102734,-0.06768222743063979,0.804486413012242
nfcorpus,nomic_embed_text_v1_5,typo_char,0.15,full_native,Full,queries_and_documents,0.15314620572949486,0.2902963290579389,0.1642259647782502,0.05853027563489142,0.012360310163891235,0.025940478321813763,0.0067380886778399705,0.0061990335445388225,5,0.3461765930102734,-0.19303038728077856,0.4423933010541529
nfcorpus,nomic_embed_text_v1_5,typo_char,0.15,full_native,Full,queries_only,0.17627307103812256,0.29458376332989333,0.1820242845316426,0.08004186516962251,0.013336924273208614,0.020408559389185416,0.010360192966590728,0.008773693243541048,5,0.3461765930102734,-0.16990352197215086,0.5091998552105784
nfcorpus,nomic_embed_text_v1_5,typo_char,0.15,noiseproj_cf_128,NoiseProj-CF-128,clean,0.3281343266850184,0.5130104673448327,0.2971934511966033,0.1506436248988278,0.0,0.0,0.0,0.0,5,0.3281343266850184,0.0,1.0
nfcorpus,nomic_embed_text_v1_5,typo_char,0.15,noiseproj_cf_128,NoiseProj-CF-128,documents_only,0.2794665248124813,0.4709162612413387,0.27530147351701384,0.11775838248768404,0.007370090192005196,0.014747907288870385,0.005272379347809466,0.004133832022004592,5,0.3281343266850184,-0.04866780187253711,0.8516832957886356
nfcorpus,nomic_embed_text_v1_5,typo_char,0.15,noiseproj_cf_128,NoiseProj-CF-128,queries_and_documents,0.15649642421450652,0.276610152833063,0.17871418109116377,0.06253613135957829,0.010739013989592436,0.02194305079793407,0.011890091369986798,0.00620183466427882,5,0.3281343266850184,-0.1716379024705119,0.47692792703376635
nfcorpus,nomic_embed_text_v1_5,typo_char,0.15,noiseproj_cf_128,NoiseProj-CF-128,queries_only,0.1829811417717761,0.3036684849378347,0.1968460069988683,0.0791857856484337,0.01233601310342337,0.01942059710751949,0.007066114879159199,0.008202002062890155,5,0.3281343266850184,-0.1451531849132423,0.5576409625300274
nfcorpus,nomic_embed_text_v1_5,typo_char,0.15,pca_128,PCA-128,clean,0.3092077471282561,0.48935819942011893,0.294635291191034,0.1395914653120804,0.0,0.0,0.0,0.0,5,0.3092077471282561,0.0,1.0
nfcorpus,nomic_embed_text_v1_5,typo_char,0.15,pca_128,PCA-128,documents_only,0.259170866322248,0.4564442970170524,0.2511145433016724,0.10460921032042425,0.007082153214365785,0.02032981028591422,0.0070704189631944515,0.00408416534940219,5,0.3092077471282561,-0.0500368808060081,0.8381771437788287
nfcorpus,nomic_embed_text_v1_5,typo_char,0.15,pca_128,PCA-128,queries_and_documents,0.12931827557678335,0.24087301587301585,0.15029734468355826,0.047793085691433576,0.014373265245780784,0.027809164831800494,0.008876084750580321,0.005141466542309332,5,0.3092077471282561,-0.17988947155147275,0.41822456512754674
nfcorpus,nomic_embed_text_v1_5,typo_char,0.15,pca_128,PCA-128,queries_only,0.139361758545069,0.22762789326256816,0.1643692151429897,0.05992490618590662,0.011705872872489111,0.014513412723047762,0.011039552905411315,0.007284994883753353,5,0.3092077471282561,-0.1698459885831871,0.4507059083718986
scifact,nomic_embed_text_v1_5,ocr_error,0.15,full_native,Full,clean,0.703264558006416,0.6667619047619047,0.9283333333333331,0.6567116432344685,0.0,0.0,0.0,0.0,5,0.703264558006416,0.0,1.0
scifact,nomic_embed_text_v1_5,ocr_error,0.15,full_native,Full,documents_only,0.6481329828713728,0.6145783068783068,0.9149333333333333,0.6067773525965139,0.00946173889221405,0.006053269882027581,0.011840138888074265,0.007227144375722029,5,0.703264558006416,-0.05513157513504319,0.9216062084923947
scifact,nomic_embed_text_v1_5,ocr_error,0.15,full_native,Full,queries_and_documents,0.5223400704589329,0.48882116402116405,0.8358444444444444,0.4821276504964846,0.005398615603653733,0.00741168116507141,0.02029346425226662,0.00575979427047824,5,0.703264558006416,-0.18092448754748303,0.7427362356204045
scifact,nomic_embed_text_v1_5,ocr_error,0.15,full_native,Full,queries_only,0.5554360562488908,0.5232809523809523,0.8517222222222223,0.516112562864815,0.008016970583578673,0.009061268798333896,0.011668518371569427,0.009908830287255789,5,0.703264558006416,-0.14782850175752515,0.7897967413904904
scifact,nomic_embed_text_v1_5,ocr_error,0.15,noiseproj_cf_128,NoiseProj-CF-128,clean,0.675175977309964,0.6405462962962963,0.9416666666666668,0.6330821693044868,0.0,0.0,0.0,0.0,5,0.675175977309964,0.0,1.0
scifact,nomic_embed_text_v1_5,ocr_error,0.15,noiseproj_cf_128,NoiseProj-CF-128,documents_only,0.6235904407094139,0.5867965608465608,0.9129999999999999,0.5807842431678454,0.006411170276657781,0.008972011921213214,0.00532290647422377,0.00878275222767568,5,0.675175977309964,-0.0515855366005501,0.9235969016461795
scifact,nomic_embed_text_v1_5,ocr_error,0.15,noiseproj_cf_128,NoiseProj-CF-128,queries_and_documents,0.5034179711180095,0.464624074074074,0.8547,0.46204728797164074,0.009282631019405073,0.01247350757034573,0.012365049310231026,0.010687230684638269,5,0.675175977309964,-0.17175800619195458,0.7456100158120661
scifact,nomic_embed_text_v1_5,ocr_error,0.15,noiseproj_cf_128,NoiseProj-CF-128,queries_only,0.5475014217909945,0.511194708994709,0.8817999999999999,0.5076587263703766,0.007105938821903618,0.010163408030321073,0.005315595503380211,0.008360695944635727,5,0.675175977309964,-0.12767455551896956,0.8109018095879974
scifact,nomic_embed_text_v1_5,ocr_error,0.15,pca_128,PCA-128,clean,0.658180250965989,0.6223478835978837,0.9200000000000002,0.6115808348350374,0.0,0.0,0.0,0.0,5,0.658180250965989,0.0,1.0
scifact,nomic_embed_text_v1_5,ocr_error,0.15,pca_128,PCA-128,documents_only,0.596837097902728,0.5632857142857143,0.8928666666666667,0.5541278531402687,0.004611932545317133,0.0038905779544686444,0.013477553355280895,0.0046899460377845155,5,0.658180250965989,-0.06134315306326099,0.9067988549136354
scifact,nomic_embed_text_v1_5,ocr_error,0.15,pca_128,PCA-128,queries_and_documents,0.46929360969504136,0.43802063492063487,0.8087777777777777,0.4323463461004737,0.008458965928390103,0.006176527891510127,0.019597965376884966,0.007280810325836162,5,0.658180250965989,-0.18888664127094762,0.7130168506366986
scifact,nomic_embed_text_v1_5,ocr_error,0.15,pca_128,PCA-128,queries_only,0.48269027332105496,0.45276031746031736,0.8261777777777779,0.4475961925846536,0.009038694938523413,0.009029562123795165,0.01485144545486281,0.009872736626271876,5,0.658180250965989,-0.17548997764493401,0.7333709460480267
scifact,nomic_embed_text_v1_5,typo_char,0.15,full_native,Full,clean,0.703264558006416,0.6667619047619047,0.9283333333333331,0.6567116432344685,0.0,0.0,0.0,0.0,5,0.703264558006416,0.0,1.0
scifact,nomic_embed_text_v1_5,typo_char,0.15,full_native,Full,documents_only,0.5693498553499742,0.5368674603174604,0.8755111111111111,0.5271003210215754,0.011837857667611551,0.012770038139593458,0.009517560118921495,0.011602091675798006,5,0.703264558006416,-0.1339147026564418,0.8095813287732608
scifact,nomic_embed_text_v1_5,typo_char,0.15,full_native,Full,queries_and_documents,0.3076731131776574,0.28376031746031743,0.6555888888888889,0.2817534053550196,0.02762839323665719,0.025749430728884495,0.030252527697677868,0.02645173266910025,5,0.703264558006416,-0.3955914448287586,0.4374927040967852
scifact,nomic_embed_text_v1_5,typo_char,0.15,full_native,Full,queries_only,0.3794669187794648,0.3488420634920634,0.726,0.3469831446687098,0.02233808662959934,0.019915833804363008,0.017037676115227916,0.01881261097786041,5,0.703264558006416,-0.32379763922695115,0.5395791874613464
scifact,nomic_embed_text_v1_5,typo_char,0.15,noiseproj_cf_128,NoiseProj-CF-128,clean,0.675175977309964,0.6405462962962963,0.9416666666666668,0.6330821693044868,0.0,0.0,0.0,0.0,5,0.675175977309964,0.0,1.0
scifact,nomic_embed_text_v1_5,typo_char,0.15,noiseproj_cf_128,NoiseProj-CF-128,documents_only,0.5621020354800246,0.5251621693121693,0.872311111111111,0.5171135717049206,0.010369757567230676,0.012249238319511593,0.002586049945570978,0.011619884737913443,5,0.675175977309964,-0.11307394182993946,0.8325267106207649
scifact,nomic_embed_text_v1_5,typo_char,0.15,noiseproj_cf_128,NoiseProj-CF-128,queries_and_documents,0.2981642453566872,0.26515608465608465,0.682011111111111,0.26558385734379375,0.013002930333226984,0.013160064709643567,0.03482510092334245,0.01328255734884768,5,0.675175977309964,-0.37701173195327686,0.4416096771461465
scifact,nomic_embed_text_v1_5,typo_char,0.15,noiseproj_cf_128,NoiseProj-CF-128,queries_only,0.37303563347708657,0.3358055555555556,0.7403000000000001,0.3376000072691847,0.017401047096443863,0.018325466953806484,0.023187227752885814,0.017187962873103386,5,0.675175977309964,-0.30214034383287747,0.5525013418921316
scifact,nomic_embed_text_v1_5,typo_char,0.15,pca_128,PCA-128,clean,0.658180250965989,0.6223478835978837,0.9200000000000002,0.6115808348350374,0.0,0.0,0.0,0.0,5,0.658180250965989,0.0,1.0
scifact,nomic_embed_text_v1_5,typo_char,0.15,pca_128,PCA-128,documents_only,0.5331453976352559,0.4995648148148148,0.8575111111111111,0.48854365196557126,0.0072240796816547374,0.008010351191956047,0.012433179425122282,0.0065917609989914515,5,0.658180250965989,-0.12503485333073305,0.8100294666282928
scifact,nomic_embed_text_v1_5,typo_char,0.15,pca_128,PCA-128,queries_and_documents,0.27015600503020637,0.24328571428571424,0.6337111111111111,0.2441951712684017,0.019131201859160472,0.013053493133548538,0.018091093231780885,0.012045617257652743,5,0.658180250965989,-0.3880242459357826,0.41045899604813046
scifact,nomic_embed_text_v1_5,typo_char,0.15,pca_128,PCA-128,queries_only,0.29938045443629085,0.2725084656084656,0.6752666666666667,0.27270016432335387,0.01974530667560413,0.01614765082478236,0.022931675219989095,0.017002932232895073,5,0.658180250965989,-0.3587997965296981,0.454860889546443
