noise_mode,method,method_display,scenario,ndcg10_mean,mrr10_mean,recall100_mean,map100_mean,ndcg10_sd_across_datasets,mrr10_sd_across_datasets,recall100_sd_across_datasets,map100_sd_across_datasets,datasets
ocr_error,full_native,Full,clean,0.5108333980981102,0.5290563176963603,0.7365274709182777,0.4066335561045488,0.18015691709046738,0.13758615458060022,0.38106787895048366,0.24806556167799543,3
ocr_error,full_native,Full,documents_only,0.4508446741354198,0.4790153152413066,0.7156421677660404,0.3559622181855174,0.17481017810779598,0.15761854396312258,0.37295129547212746,0.23497462410732464,3
ocr_error,full_native,Full,queries_and_documents,0.37976343907359,0.3970240956643707,0.6656001786523457,0.2999874440536463,0.14465430170341897,0.0924234054376945,0.38255058582231816,0.19184761648662926,3
ocr_error,full_native,Full,queries_only,0.4156036556758245,0.4273062383452531,0.684243827596883,0.3323902041253457,0.15594545002287405,0.08587533203651386,0.39297929661741815,0.20537089789842347,3
ocr_error,noiseproj_cf_128,NoiseProj-CF-128,clean,0.47929930740822274,0.4986822739209596,0.7393868725021274,0.37950705792617345,0.1777887178057716,0.14954381673537845,0.38341275765229604,0.24216675570204516,3
ocr_error,noiseproj_cf_128,NoiseProj-CF-128,documents_only,0.4359903417448263,0.4592654105037919,0.7174329047495925,0.34193217934044023,0.16545182725625524,0.15243473132887783,0.36999830465199085,0.22291851253340597,3
ocr_error,noiseproj_cf_128,NoiseProj-CF-128,queries_and_documents,0.36640809898545035,0.3799255617589878,0.6755442825246084,0.2871907709967704,0.13325685562522563,0.093264641577941,0.3761458559812093,0.17897179209605618,3
ocr_error,noiseproj_cf_128,NoiseProj-CF-128,queries_only,0.40024697356571415,0.41109068065843696,0.6943053143731964,0.31761504151688885,0.1496210004004311,0.09613982166864148,0.3896348086932391,0.19837161086055197,3
ocr_error,pca_128,PCA-128,clean,0.46833762076894714,0.4869314397706021,0.7308360796951318,0.37133203180003876,0.1765018616620272,0.1366459863405616,0.37886760938775615,0.23610968595660137,3
ocr_error,pca_128,PCA-128,documents_only,0.4148631425911255,0.4414131610744401,0.7015387551499009,0.3244173860166349,0.16106425257221,0.14753354876784666,0.3710747990634801,0.21578475028296124,3
ocr_error,pca_128,PCA-128,queries_and_documents,0.3410575331669705,0.35156856620588384,0.6464757789799679,0.26967019564679234,0.13602268107181084,0.0804355636291172,0.3839545715679588,0.1762140390305805,3
ocr_error,pca_128,PCA-128,queries_only,0.36040471998798246,0.3664747805411323,0.6665123162185166,0.28670791261712053,0.14245695550853335,0.07610542938550617,0.39064540678520165,0.18187714155125845,3
typo_char,full_native,Full,clean,0.5108333980981102,0.5290563176963603,0.7365274709182777,0.4066335561045488,0.18015691709046738,0.13758615458060022,0.38106787895048366,0.24806556167799543,3
typo_char,full_native,Full,documents_only,0.3766205345501013,0.4110588602190608,0.6615955647306789,0.2914136101597989,0.16691778285859565,0.17145355700944917,0.34922736479398986,0.21208996187941237,3
typo_char,full_native,Full,queries_and_documents,0.23327669213195393,0.2517750427383345,0.5328005258119586,0.17871693958342613,0.07742287071989713,0.061147863612184924,0.3250654120745172,0.11259546342390338,3
typo_char,full_native,Full,queries_only,0.307102489504127,0.310517388383907,0.6071239644608212,0.24304554711278137,0.11351454162697182,0.03334681583026147,0.3798777238039204,0.14293709602052934,3
typo_char,noiseproj_cf_128,NoiseProj-CF-128,clean,0.47929930740822274,0.4986822739209596,0.7393868725021274,0.37950705792617345,0.1777887178057716,0.14954381673537845,0.38341275765229604,0.24216675570204516,3
typo_char,noiseproj_cf_128,NoiseProj-CF-128,documents_only,0.3733057041405388,0.4012663687537786,0.6748049562369743,0.2863680249027409,0.1635033746170606,0.16979577765093376,0.3459874523558603,0.2068013412654472,3
typo_char,noiseproj_cf_128,NoiseProj-CF-128,queries_and_documents,0.22587868482001508,0.23610713972070077,0.5454856374911699,0.1700210119404032,0.07087852107416565,0.06050541356488107,0.3210714241125242,0.10204751809289263,3
typo_char,noiseproj_cf_128,NoiseProj-CF-128,queries_only,0.2942342097450637,0.2984460730470983,0.6090748407816832,0.22934275850367847,0.09909596038594204,0.04022575201211486,0.36477096850802326,0.13420569154496323,3
typo_char,pca_128,PCA-128,clean,0.46833762076894714,0.4869314397706021,0.7308360796951318,0.37133203180003876,0.1765018616620272,0.1366459863405616,0.37886760938775615,0.23610968595660137,3
typo_char,pca_128,PCA-128,documents_only,0.3495048961991423,0.38306586466060183,0.6509599195413537,0.267581187936135,0.1590442837016443,0.16584604323170457,0.34633968980348584,0.19842778599837788,3
typo_char,pca_128,PCA-128,queries_and_documents,0.2076452520503638,0.21751501006461746,0.519389923047426,0.1584829819661758,0.07173863118015143,0.042563809630710034,0.32726680763489324,0.1005552544074617,3
typo_char,pca_128,PCA-128,queries_only,0.25334843828956133,0.24966445148036379,0.5760956151356956,0.1989848573413404,0.09932206697001261,0.022451178862348178,0.37218568736905283,0.12050215562585388,3
