dataset,encoder,noise_mode,noise_level,scenario,full_native,noiseproj_cf_128,pca_128,noiseproj_minus_full_native,noiseproj_minus_pca_128
arguana,nomic_embed_text_v1_5,ocr_error,0.15,clean,0.4830590432776415,0.4345876182296857,0.4376248642125963,-0.04847142504795576,-0.0030372459829105525
arguana,nomic_embed_text_v1_5,ocr_error,0.15,documents_only,0.3891679486361086,0.37347861746206046,0.35712978350282487,-0.015689331174048138,0.016348833959235587
arguana,nomic_embed_text_v1_5,ocr_error,0.15,queries_and_documents,0.3838329042559536,0.3585547150410009,0.35548121167484326,-0.02527818921495273,0.003073503366157637
arguana,nomic_embed_text_v1_5,ocr_error,0.15,queries_only,0.4439430312886614,0.4048727964814612,0.39454398127865226,-0.03907023480720023,0.010328815202808928
arguana,nomic_embed_text_v1_5,typo_char,0.15,clean,0.4830590432776415,0.4345876182296857,0.4376248642125963,-0.04847142504795576,-0.0030372459829105525
arguana,nomic_embed_text_v1_5,typo_char,0.15,documents_only,0.2820173827206961,0.2783485521291106,0.25619842463992315,-0.0036688305915855146,0.022150127489187432
arguana,nomic_embed_text_v1_5,typo_char,0.15,queries_and_documents,0.23901075748870956,0.22297538488885155,0.2234614755441017,-0.016035372599858017,-0.00048609065525015427
arguana,nomic_embed_text_v1_5,typo_char,0.15,queries_only,0.3655674786947936,0.32668585398632854,0.32130310188732414,-0.03888162470846507,0.005382752099004406
nfcorpus,nomic_embed_text_v1_5,ocr_error,0.15,clean,0.3461765930102734,0.3281343266850184,0.3092077471282561,-0.01804226632525502,0.018926579556762302
nfcorpus,nomic_embed_text_v1_5,ocr_error,0.15,documents_only,0.31523309089877805,0.3109019670630045,0.2906225463678236,-0.004331123835773554,0.020279420695180905
nfcorpus,nomic_embed_text_v1_5,ocr_error,0.15,queries_and_documents,0.2331173425058835,0.23725161079734067,0.19839777813102694,0.0041342682914571605,0.03885383266631373
nfcorpus,nomic_embed_text_v1_5,ocr_error,0.15,queries_only,0.24743187948992143,0.24836670242468678,0.2039799053642401,0.0009348229347653503,0.04438679706044668
nfcorpus,nomic_embed_text_v1_5,typo_char,0.15,clean,0.3461765930102734,0.3281343266850184,0.3092077471282561,-0.01804226632525502,0.018926579556762302
nfcorpus,nomic_embed_text_v1_5,typo_char,0.15,documents_only,0.27849436557963364,0.2794665248124813,0.259170866322248,0.000972159232847658,0.020295658490233293
nfcorpus,nomic_embed_text_v1_5,typo_char,0.15,queries_and_documents,0.15314620572949486,0.15649642421450652,0.12931827557678335,0.003350218485011658,0.027178148637723165
nfcorpus,nomic_embed_text_v1_5,typo_char,0.15,queries_only,0.17627307103812256,0.1829811417717761,0.139361758545069,0.006708070733653537,0.04361938322670711
scifact,nomic_embed_text_v1_5,ocr_error,0.15,clean,0.703264558006416,0.675175977309964,0.658180250965989,-0.028088580696451926,0.01699572634397506
scifact,nomic_embed_text_v1_5,ocr_error,0.15,documents_only,0.6481329828713728,0.6235904407094139,0.596837097902728,-0.024542542161958836,0.026753342806685954
scifact,nomic_embed_text_v1_5,ocr_error,0.15,queries_and_documents,0.5223400704589329,0.5034179711180095,0.46929360969504136,-0.01892209934092348,0.0341243614229681
scifact,nomic_embed_text_v1_5,ocr_error,0.15,queries_only,0.5554360562488908,0.5475014217909945,0.48269027332105496,-0.007934634457896328,0.06481114846993952
scifact,nomic_embed_text_v1_5,typo_char,0.15,clean,0.703264558006416,0.675175977309964,0.658180250965989,-0.028088580696451926,0.01699572634397506
scifact,nomic_embed_text_v1_5,typo_char,0.15,documents_only,0.5693498553499742,0.5621020354800246,0.5331453976352559,-0.007247819869949601,0.02895663784476865
scifact,nomic_embed_text_v1_5,typo_char,0.15,queries_and_documents,0.3076731131776574,0.2981642453566872,0.27015600503020637,-0.009508867820970213,0.028008240326480804
scifact,nomic_embed_text_v1_5,typo_char,0.15,queries_only,0.3794669187794648,0.37303563347708657,0.29938045443629085,-0.006431285302378242,0.07365517904079572
