dataset,encoder,method,clean_ndcg@10,clean_recall@100,clean_mrr@10,clean_map@100,mean_noisy_ndcg@10,mean_noisy_recall@100,mean_noisy_mrr@10,mean_noisy_map@100
arguana,e5_base_v2,dae_128,0.2767817385342258,0.8522483940042827,0.2161460634694039,0.2312287640308471,0.2569096564696742,0.7950987389959553,0.2025055232656945,0.2171781835912904
arguana,e5_base_v2,full_native,0.4472716349914817,0.9543183440399714,0.3682854083817681,0.3802826507853009,0.3343929260437465,0.8367118724720437,0.2689512120971792,0.28153983091336
arguana,e5_base_v2,gaussian_rp_128,0.2066280553431261,0.7052105638829408,0.1644225213283029,0.1785704712725848,0.1280918452729358,0.5232215084463478,0.0980896487391847,0.10875624741958
arguana,e5_base_v2,noiseproj_cf_128,0.5701462456434324,0.9850107066381156,0.4851894338511041,0.4932097624838907,0.4128004175260427,0.8925529383773495,0.3394150342348058,0.3509576174678654
arguana,e5_base_v2,pca_128,0.3237580445163937,0.9143468950749464,0.2530069224930039,0.2688858978974091,0.2448575152746356,0.783559362360219,0.1881538791263987,0.2027866139828528
arguana,e5_base_v2,svd_128,0.3132917099580957,0.8886509635974305,0.2454913157268617,0.2606543362397416,0.2291402670579973,0.7524387342374496,0.1776238061248767,0.1920115082851025
arguana,minilm_l6_v2,dae_128,0.4664003437076089,0.9764453961456104,0.3787575201386765,0.3909557232254848,0.3323591979742403,0.8687604092315012,0.2612291012844189,0.2755223125438558
arguana,minilm_l6_v2,full_native,0.5032012426978435,0.9807280513918628,0.4127661081087205,0.4234469911639549,0.3139781352510556,0.8179633595051153,0.2492247223260784,0.2624301993804211
arguana,minilm_l6_v2,gaussian_rp_128,0.4568160947058156,0.960028551034975,0.3717650657693484,0.3835477124849064,0.2351008220164886,0.6905543659290982,0.185535256373943,0.1978570087456773
arguana,minilm_l6_v2,noiseproj_cf_128,0.5068183687173489,0.982155603140614,0.4188643599243171,0.42955537965413,0.3596188783593648,0.8734951225315252,0.2876504405394484,0.3006681309493501
arguana,minilm_l6_v2,pca_128,0.4897015600874888,0.9785867237687366,0.399748478977601,0.4108923243178257,0.3011922050641821,0.8066381156316916,0.239560716268425,0.2531053251061249
arguana,minilm_l6_v2,svd_128,0.4929329314143898,0.979300499643112,0.4033946840692022,0.4146246809009478,0.3018704698138295,0.8111586961694028,0.2393468289845877,0.2529045730839259
arguana,nomic_embed_text_v1_5,dae_128,0.4128849960075935,0.9700214132762311,0.3238571088678155,0.3381318661280728,0.3344037275977922,0.9003806804663336,0.2583259878620335,0.2732204112289364
arguana,nomic_embed_text_v1_5,full_native,0.4830590432776415,0.9835831548893648,0.3915899074357318,0.4025582907696838,0.3878440481615319,0.9114204139900072,0.3091677052294468,0.3222000633821196
arguana,nomic_embed_text_v1_5,gaussian_rp_128,0.4139442284077249,0.9514632405424696,0.3316967472213725,0.345371138714874,0.3024083116776058,0.798429693076374,0.2385018165407172,0.2512642067968851
arguana,nomic_embed_text_v1_5,noiseproj_cf_128,0.4350037454526406,0.979300499643112,0.3428429806374131,0.3550780320160911,0.3526346659961201,0.8977159172019986,0.2764770723104056,0.2905614814345029
arguana,nomic_embed_text_v1_5,pca_128,0.4375018921978677,0.9778729478943612,0.3489355675651179,0.3626721671373222,0.3429983657369242,0.8892219842969308,0.2673131436728866,0.2815701047824275
arguana,nomic_embed_text_v1_5,svd_128,0.4541852649946715,0.9771591720199856,0.3648567349852146,0.3772335538781733,0.3575377972520978,0.8939091125386628,0.2819969296307625,0.295785569059014
fiqa,e5_base_v2,dae_128,0.1887941702911247,0.5261508810119921,0.2383346805800509,0.151556384593512,0.0644526337608455,0.2335052925755086,0.0823061393624664,0.0506847934490229
fiqa,e5_base_v2,full_native,0.3986663557596119,0.732044310285051,0.4776816333529297,0.3386141191586937,0.1785560921129174,0.4110285663410662,0.2153122142203931,0.1476059419748258
fiqa,e5_base_v2,gaussian_rp_128,0.2212582304996549,0.4965995509976992,0.2837350578091319,0.1792052501411771,0.0707745498960638,0.2092960126293459,0.0918377465869749,0.0556941549327631
fiqa,e5_base_v2,noiseproj_cf_128,0.274327265053529,0.5992320222644297,0.3459343768371545,0.2255071816769505,0.0977179471042347,0.2783603761921663,0.1269527728786987,0.0778710904088676
fiqa,e5_base_v2,pca_128,0.3050985425874705,0.654509443745555,0.3729687193807565,0.252571070611498,0.1062358043511649,0.3037642435867744,0.1315247362662485,0.0856535981512089
fiqa,e5_base_v2,svd_128,0.3220328232112953,0.6794260651899541,0.3936134381736234,0.2691944909207072,0.1106480746140338,0.3176348507174124,0.1369554469593049,0.0902591241946161
fiqa,minilm_l6_v2,dae_128,0.3114936227091562,0.6641086879512805,0.3875349059376837,0.2629869728286485,0.1301421143443581,0.3756000612327773,0.1592291707492324,0.1071861776885544
fiqa,minilm_l6_v2,full_native,0.3686713698407157,0.7060569574458463,0.4451223544973544,0.3095606338926683,0.1486614369175249,0.3803699809564007,0.1793654263831732,0.1220934018072202
fiqa,minilm_l6_v2,gaussian_rp_128,0.3010215865204792,0.6080845637558601,0.3733434989222026,0.2450638595534959,0.0975242128018441,0.2700347187962928,0.1205230787445293,0.0781466503251471
fiqa,minilm_l6_v2,noiseproj_cf_128,0.3273378624706894,0.6652311894210042,0.4058084705075445,0.2723862521184358,0.1447676145790648,0.3828705295333381,0.1806195293618132,0.1181733613011495
fiqa,minilm_l6_v2,pca_128,0.3425720113957728,0.6957751096639985,0.4180659660983735,0.2864674540699237,0.1266602548760321,0.3489835151987929,0.1544930678032529,0.103681363548338
fiqa,minilm_l6_v2,svd_128,0.3422000497694403,0.6966771525799303,0.4200996962571036,0.2886457213693487,0.1268767519829344,0.3513557511589918,0.1545050501339081,0.1040386195995936
fiqa,nomic_embed_text_v1_5,dae_128,0.261820063236086,0.5820761542983764,0.3288065843621399,0.2168964435845458,0.1103077202874722,0.3166031634974536,0.1382396996864589,0.0886973144242999
fiqa,nomic_embed_text_v1_5,full_native,0.3764598354699696,0.6816969381784197,0.4537992357436802,0.3154435916543297,0.1660508665437448,0.3804853005933253,0.2010732249003853,0.1369022183977426
fiqa,nomic_embed_text_v1_5,gaussian_rp_128,0.2820505371769936,0.5481229375905302,0.3612280766215951,0.2351444525710312,0.0901617781206974,0.2354573834087722,0.1135187634724671,0.0732261883492175
fiqa,nomic_embed_text_v1_5,noiseproj_cf_128,0.3119964847871166,0.6132273162365756,0.3897486772486773,0.2544137627322478,0.1454554646135835,0.3672285240765178,0.1831853199098569,0.1160944504675837
fiqa,nomic_embed_text_v1_5,pca_128,0.3266612017495264,0.6363994972791269,0.4005388986870468,0.2738949593991133,0.1141436512764303,0.2974891463703192,0.1389351851851851,0.0929582954966049
fiqa,nomic_embed_text_v1_5,svd_128,0.3287799327778996,0.6335745658662325,0.4033087154614932,0.2766859282403655,0.119290826873622,0.3137896121653837,0.1454648205304069,0.0969939536623721
nfcorpus,e5_base_v2,dae_128,0.2271648555877189,0.2657820845115831,0.3790579389650597,0.0902277503484042,0.1275180913953273,0.1766426987838774,0.2261225367339918,0.0483145542957613
nfcorpus,e5_base_v2,full_native,0.354198589304692,0.3185760067364094,0.553670942061035,0.1651145895726649,0.2252100413958138,0.2250753569291641,0.3658007764509312,0.1027515714846962
nfcorpus,e5_base_v2,gaussian_rp_128,0.2427128174791989,0.231657483373362,0.4162587842154405,0.0999131697994556,0.129946493043089,0.1504954079806363,0.2349281700984487,0.0519929933206228
nfcorpus,e5_base_v2,noiseproj_cf_128,0.3036042868802435,0.3020714938181844,0.4748464297999901,0.1388332961646909,0.1924044857798915,0.2143385921465152,0.3175129408488541,0.0836373318115717
nfcorpus,e5_base_v2,pca_128,0.2899098086169399,0.29477427206938,0.4640277163496978,0.1321670027712851,0.1682650185665369,0.1973452983604652,0.2817687191835798,0.0724622600512558
nfcorpus,e5_base_v2,svd_128,0.3198467044405234,0.3193456361309859,0.5037937982210429,0.150564405005477,0.1908227527208979,0.2206454586637917,0.3166190803806902,0.0855022049526261
nfcorpus,minilm_l6_v2,dae_128,0.2449550115621537,0.2777586827368555,0.417594230674726,0.105931185419693,0.1422091905204702,0.1846161288834822,0.2492310023424574,0.0593508739338407
nfcorpus,minilm_l6_v2,full_native,0.3159407492486187,0.311509924011693,0.5040419676642587,0.1424360210063526,0.1906597124468831,0.2160534783048651,0.3194659033203924,0.084820147408483
nfcorpus,minilm_l6_v2,gaussian_rp_128,0.2578637505144819,0.2523271895311446,0.4467627401837928,0.1050291873790803,0.1422987914735727,0.1644051172334166,0.2586548069520205,0.0561963873277261
nfcorpus,minilm_l6_v2,noiseproj_cf_128,0.2958307126577461,0.3077171281090138,0.4749729716447983,0.1317236738352502,0.1853893475085948,0.2178988653844825,0.3096540370534178,0.081268206184448
nfcorpus,minilm_l6_v2,pca_128,0.2704319747998575,0.2809903123717007,0.4470182809966092,0.1161937639675175,0.1496901243686857,0.1744641048545254,0.2619458368142578,0.0612655901407368
nfcorpus,minilm_l6_v2,svd_128,0.2993239872113385,0.3067022740130125,0.4883483217848544,0.1338993880304641,0.1781995738483378,0.2110832189771086,0.3016532343931724,0.0773957923935397
nfcorpus,nomic_embed_text_v1_5,dae_128,0.281424478540597,0.2915449464758877,0.454000196569856,0.1204544319634781,0.1734435183743444,0.2043572914154229,0.2950958687568594,0.0730123375172854
nfcorpus,nomic_embed_text_v1_5,full_native,0.3461765930102734,0.2976659245321355,0.5288171408914444,0.1606309767887573,0.2190006850152633,0.2132828674551795,0.355422502334267,0.0997504998866002
nfcorpus,nomic_embed_text_v1_5,gaussian_rp_128,0.2849025997823577,0.2483856656948298,0.4691729323308271,0.1261476153889709,0.161584795817333,0.1679746484373464,0.2792711353547266,0.0683251310870923
nfcorpus,nomic_embed_text_v1_5,noiseproj_cf_128,0.3281329351277354,0.2971934511966033,0.5130104673448327,0.1506508472599021,0.2209957536602086,0.224107818203528,0.3593263796746769,0.0979803524086538
nfcorpus,nomic_embed_text_v1_5,pca_128,0.3092144294537595,0.294635291191034,0.4893581994201189,0.1395934391159102,0.1798536628225322,0.1975056948507284,0.2969511605811915,0.0787247457045445
nfcorpus,nomic_embed_text_v1_5,svd_128,0.3194756263909489,0.2934239754917068,0.4914393827706522,0.147066813872649,0.1937106673190179,0.2069617420866696,0.3146016184251478,0.0863286062068218
quora,e5_base_v2,dae_128,0.7442534964943057,0.938107037791798,0.7412373412698413,0.7059692693676208,0.3571217299425508,0.5948223081999457,0.3461031468253968,0.3308745358258092
quora,e5_base_v2,full_native,0.8654387134091776,0.9929452645107412,0.8577727777777778,0.8320698568223052,0.4756682556214728,0.7039497911954319,0.4585141507936507,0.4455480524259199
quora,e5_base_v2,gaussian_rp_128,0.8480891206689554,0.9855488921837864,0.8414996031746032,0.8139433105755215,0.3770365975713169,0.573112213309178,0.3649259378306878,0.3522254882498594
quora,e5_base_v2,noiseproj_cf_128,0.8137988328024512,0.9792175176236796,0.8071380158730158,0.7759037104189201,0.4192721473852274,0.6450150320519508,0.4072657738095238,0.3906517033217974
quora,e5_base_v2,pca_128,0.8194118333762456,0.9807292913531416,0.8129655158730159,0.782575954319285,0.3877137929352467,0.6122037490109798,0.3737804404761904,0.3611016020226743
quora,e5_base_v2,svd_128,0.8202255066853807,0.9805516738787606,0.8136869047619048,0.7836904851025661,0.369492030886768,0.579950252258269,0.3567059391534391,0.3444441988932572
quora,minilm_l6_v2,dae_128,0.8511777294741565,0.9905332099736912,0.8428959920634921,0.816529988268125,0.42385652573504,0.663736317179035,0.4074419126984126,0.395449809701546
quora,minilm_l6_v2,full_native,0.8753973078313797,0.9944006312121804,0.8672605555555556,0.842923549427386,0.4372428302311864,0.6635126466004023,0.4197416441798942,0.4089853850879561
quora,minilm_l6_v2,gaussian_rp_128,0.8622528037390442,0.9913660431719992,0.8544418253968256,0.8289861779230705,0.3759829886794706,0.5814869792797236,0.3619020185185185,0.3512067838077636
quora,minilm_l6_v2,noiseproj_cf_128,0.8543470934224253,0.9909227689133964,0.8457996428571428,0.8191295255906869,0.441386084857124,0.6882008582300817,0.4245017671957671,0.4116439765810327
quora,minilm_l6_v2,pca_128,0.860246424498506,0.9921430661256518,0.8512886904761905,0.8256017940304473,0.405566409052464,0.6289755687381089,0.3891940476190476,0.3786057201653094
quora,minilm_l6_v2,svd_128,0.8599696473492726,0.9921415086180568,0.8510996428571429,0.8253759010358115,0.4028535476056312,0.6250387602810871,0.3865867658730158,0.3758859798730291
quora,nomic_embed_text_v1_5,dae_128,0.70499218761999,0.9464596480888284,0.6908143253968254,0.6626375719920689,0.2842632849914407,0.5178324228187065,0.270301324074074,0.2609065920705397
quora,nomic_embed_text_v1_5,full_native,0.8501338526634661,0.9901083818937771,0.839675753968254,0.8156134808834354,0.4005216001664313,0.602688499110808,0.3856617235449735,0.3750924365111947
quora,nomic_embed_text_v1_5,gaussian_rp_128,0.7748392071997481,0.9656260214108748,0.7617625396825397,0.7345549981909197,0.2642012215459534,0.4353170530413373,0.2538292619047618,0.2454921543381938
quora,nomic_embed_text_v1_5,noiseproj_cf_128,0.7754903317663964,0.9682972014644544,0.7655180158730159,0.7349565185933427,0.3759391074577625,0.6160623746888407,0.3620212169312169,0.3477747485549327
quora,nomic_embed_text_v1_5,pca_128,0.7272034543340292,0.9589426631839804,0.708730357142857,0.6845541620262131,0.2492577800976131,0.4345536418349704,0.237282537037037,0.2304912624179363
quora,nomic_embed_text_v1_5,svd_128,0.7407642236933744,0.968750557887731,0.7211472619047619,0.697632259429638,0.2683871561414757,0.4670589522345605,0.2551974232804232,0.2481377021538098
scidocs,e5_base_v2,dae_128,0.1286252933685072,0.37175,0.2312198412698412,0.0876072964820245,0.0598082639083605,0.2083022222222222,0.1086037169312168,0.0403557255687861
scidocs,e5_base_v2,full_native,0.1868116503587838,0.4208666666666666,0.3189246031746032,0.1286732163554895,0.0888589412546459,0.236725,0.1569191269841269,0.0603763860062618
scidocs,e5_base_v2,gaussian_rp_128,0.1145972940827127,0.2829166666666667,0.2147055555555555,0.0751312531374321,0.0419080920821752,0.1291594444444444,0.0801825132275131,0.0267797581223982
scidocs,e5_base_v2,noiseproj_cf_128,0.1570658111952602,0.3975666666666667,0.2746107142857142,0.1071522568012448,0.0698086343434643,0.2210927777777777,0.1253950529100528,0.0470331008239946
scidocs,e5_base_v2,pca_128,0.146695920056756,0.4060166666666666,0.2474674603174603,0.1010039188763558,0.0641278322425394,0.2119288888888888,0.1114016798941798,0.0438243017838944
scidocs,e5_base_v2,svd_128,0.1543342114063542,0.4018166666666666,0.2660388888888889,0.1069210410823774,0.0644360595866322,0.2069777777777777,0.1141416666666666,0.0438392160965707
scidocs,minilm_l6_v2,dae_128,0.1887919021863202,0.4756833333333333,0.3210813492063492,0.1342689076666433,0.0920738910884101,0.2859333333333333,0.1570413095238094,0.0647567870812316
scidocs,minilm_l6_v2,full_native,0.2164015556505212,0.5101166666666667,0.3594198412698413,0.1558773407400301,0.1044673646666049,0.2913755555555555,0.1772819708994708,0.0737962575230765
scidocs,minilm_l6_v2,gaussian_rp_128,0.1824558972725892,0.4329833333333333,0.3093376984126983,0.1263246734676396,0.0728681342679065,0.2170238888888888,0.1265497354497354,0.0497758040035531
scidocs,minilm_l6_v2,noiseproj_cf_128,0.202677814448373,0.47845,0.3347888888888889,0.1440876301713831,0.1035326846905215,0.297945,0.1749339550264549,0.0726283689635203
scidocs,minilm_l6_v2,pca_128,0.2044881483435942,0.4985666666666666,0.3397309523809523,0.1465400098593973,0.0915097963146591,0.2715972222222222,0.1548683333333333,0.0646225834221616
scidocs,minilm_l6_v2,svd_128,0.2050312081771413,0.5019666666666667,0.3426805555555555,0.1474332824295692,0.0943181736694167,0.2813199999999999,0.1600387037037036,0.0666644378903968
scidocs,nomic_embed_text_v1_5,dae_128,0.1514350816522545,0.36025,0.2739404761904761,0.103266820180261,0.0739854012523754,0.2160566666666666,0.133659537037037,0.0493986575832757
scidocs,nomic_embed_text_v1_5,full_native,0.1871994359386436,0.4035166666666666,0.3271519841269841,0.1290560083505522,0.0931881626162822,0.2321399999999999,0.1672103835978835,0.062812891397511
scidocs,nomic_embed_text_v1_5,gaussian_rp_128,0.1356915524565385,0.3024,0.247706746031746,0.089471535117942,0.0505055890814789,0.1405333333333333,0.0930668121693121,0.0330401716015963
scidocs,nomic_embed_text_v1_5,noiseproj_cf_128,0.173893359785262,0.3922,0.3081896825396825,0.1184906129323465,0.0923039851054358,0.2483972222222221,0.1662527248677248,0.0617089818640029
scidocs,nomic_embed_text_v1_5,pca_128,0.1573305112771369,0.3664166666666666,0.2797277777777777,0.1057138794027439,0.0692971820557251,0.1941272222222222,0.1260660317460317,0.0463507444758781
scidocs,nomic_embed_text_v1_5,svd_128,0.1596151889874682,0.3742166666666667,0.2837623015873016,0.1071444939399364,0.0711906610503426,0.2016372222222222,0.1295114947089946,0.0473671117114829
scifact,e5_base_v2,dae_128,0.54509462235449,0.8783333333333333,0.507265873015873,0.5009339762999387,0.2813343630782498,0.6567074074074074,0.2498877425044091,0.2503456265123803
scifact,e5_base_v2,full_native,0.7194288840281022,0.9626666666666668,0.6839973544973545,0.6789364970942724,0.4687007031594454,0.7814648148148148,0.438825176366843,0.4355012851175399
scifact,e5_base_v2,gaussian_rp_128,0.4986349154365088,0.832,0.4665820105820106,0.4639679158985815,0.2337699624290131,0.5362351851851851,0.2127366843033509,0.2132928709210072
scifact,e5_base_v2,noiseproj_cf_128,0.642926975931133,0.926,0.6096005291005291,0.60188414717303,0.3902467458758011,0.7174592592592592,0.3589007936507937,0.3546657710516908
scifact,e5_base_v2,pca_128,0.674872719480703,0.941,0.6421812169312169,0.6345078152092287,0.3963491764627855,0.7420666666666667,0.3643061728395061,0.3627272374842853
scifact,e5_base_v2,svd_128,0.6835257374784933,0.9376666666666668,0.656744708994709,0.6486476634620326,0.3974971619260679,0.7388888888888889,0.3686994268077601,0.3652676039475787
scifact,minilm_l6_v2,dae_128,0.556206455762013,0.8920000000000001,0.5130939153439154,0.5091293894866791,0.3036132759370886,0.6594666666666666,0.2706784391534391,0.2741807191251266
scifact,minilm_l6_v2,full_native,0.6450816521455776,0.925,0.6047248677248678,0.6030740834806814,0.3807644437863296,0.7162981481481482,0.3465338624338624,0.3475582972813367
scifact,minilm_l6_v2,gaussian_rp_128,0.5481396502728034,0.8570000000000001,0.5057301587301587,0.5068587111825178,0.2637014120075597,0.5913185185185185,0.2349861552028218,0.2379328190246293
scifact,minilm_l6_v2,noiseproj_cf_128,0.6073375692465519,0.896,0.5610476190476189,0.5595552476975453,0.3694876515017318,0.7159574074074073,0.3330587301587301,0.3340117170533385
scifact,minilm_l6_v2,pca_128,0.6106755685685332,0.9076666666666668,0.5687843915343915,0.5667429499406551,0.3291108584135505,0.6631685185185185,0.2959716931216931,0.2978050935721159
scifact,minilm_l6_v2,svd_128,0.6326122418598952,0.92,0.5901071428571428,0.5861948623833667,0.3437500354025811,0.6930722222222222,0.3088820546737213,0.3107229691345559
scifact,nomic_embed_text_v1_5,dae_128,0.6291864113269915,0.8916666666666667,0.5972248677248677,0.5865767304041597,0.3967113451725005,0.7350592592592592,0.3652973104056436,0.3636763615356217
scifact,nomic_embed_text_v1_5,full_native,0.703264558006416,0.9283333333333332,0.6667619047619047,0.6567116432344685,0.4692759769860304,0.7651314814814815,0.4382142857142856,0.4350149591236188
scifact,nomic_embed_text_v1_5,gaussian_rp_128,0.5853197218827677,0.8576666666666667,0.5577632275132275,0.5485295182632155,0.3078719423285055,0.6194888888888889,0.2846483245149911,0.2828631639547335
scifact,nomic_embed_text_v1_5,noiseproj_cf_128,0.675175977309964,0.9416666666666668,0.6405462962962963,0.6330821693044868,0.4580081359870714,0.7953888888888888,0.4229185626102292,0.4218855595456938
scifact,nomic_embed_text_v1_5,pca_128,0.658180250965989,0.92,0.6223478835978837,0.6115808348350374,0.4008834917746608,0.730937037037037,0.3716773368606701,0.368743016302178
scifact,nomic_embed_text_v1_5,svd_128,0.6713855971624353,0.905,0.6343624338624338,0.6232132232050613,0.4050049592719008,0.7243962962962963,0.3741159611992945,0.3716891938982214
