encoder,method,reference,paired_eval_seeds,noiseproj_mean,reference_mean,mean_delta,delta_std,paired_t_stat,paired_t_p,wilcoxon_p,paired_t_p_holm,wilcoxon_p_holm
minilm_l6_v2,noiseproj_cf_128,full_native,5,0.2673637102494003,0.2626289872165974,0.0047347230328028,0.0007685596917929,13.775328928950469,0.000160930239084,0.0625,0.000160930239084,0.9375
minilm_l6_v2,noiseproj_cf_128,pca_128,5,0.2673637102494003,0.2339549413482623,0.033408768901138,0.0009595538574086,77.8531374041602,1.6314329957425794e-07,0.0625,9.788597974455476e-07,0.9375
minilm_l6_v2,noiseproj_cf_128,svd_128,5,0.2673637102494003,0.2413114253871218,0.0260522848622785,0.0005621226333858,103.63340036737608,5.198555942674179e-08,0.0625,4.775560218250588e-07,0.9375
minilm_l6_v2,noiseproj_cf_128,gaussian_rp_128,5,0.2673637102494003,0.1979127268744737,0.0694509833749266,0.0014670545219088,105.85640656932078,4.775560218250588e-08,0.0625,4.775560218250588e-07,0.9375
minilm_l6_v2,noiseproj_cf_128,dae_128,5,0.2673637102494003,0.2373756992666012,0.0299880109827991,0.0009540972685993,70.28133637358754,2.45586946050444e-07,0.0625,1.029608022102116e-06,0.9375
e5_base_v2,noiseproj_cf_128,full_native,5,0.263708396335777,0.2952311599313403,-0.0315227635955633,0.0008352203445351,-84.39334925152845,1.1817128383445537e-07,0.0625,8.271989868411875e-07,0.9375
e5_base_v2,noiseproj_cf_128,pca_128,5,0.263708396335777,0.2279248566388182,0.0357835396969588,0.0004485163434098,178.3980191884645,5.9224331999687044e-09,0.0625,8.883649799953055e-08,0.9375
e5_base_v2,noiseproj_cf_128,svd_128,5,0.263708396335777,0.2270060577987328,0.0367023385370441,0.0007234629071297,113.43902098261728,3.6213992921575294e-08,0.0625,3.983539221373282e-07,0.9375
e5_base_v2,noiseproj_cf_128,gaussian_rp_128,5,0.263708396335777,0.1635879233824323,0.1001204729533447,0.0014725464851591,152.0333556321778,1.1227174558837591e-08,0.0625,1.459532692648887e-07,0.9375
e5_base_v2,noiseproj_cf_128,dae_128,5,0.263708396335777,0.191190789759168,0.0725176065766089,0.0010415807442643,155.68096737945373,1.0211504043665987e-08,0.0625,1.4296105661132384e-07,0.9375
nomic_embed_text_v1_5,noiseproj_cf_128,full_native,5,0.274222852136697,0.2893135565815473,-0.0150907044448503,0.0013345351315161,-25.285090043832195,1.452707411752297e-05,0.0625,2.905414823504594e-05,0.9375
nomic_embed_text_v1_5,noiseproj_cf_128,pca_128,5,0.274222852136697,0.2260723556273143,0.0481504965093826,0.001785070937132,60.31568892064864,4.525167365679829e-07,0.0625,1.3575502097039488e-06,0.9375
nomic_embed_text_v1_5,noiseproj_cf_128,svd_128,5,0.274222852136697,0.2358536779847428,0.0383691741519541,0.0011681248110552,73.44770082127519,2.0592160442042327e-07,0.0625,1.029608022102116e-06,0.9375
nomic_embed_text_v1_5,noiseproj_cf_128,gaussian_rp_128,5,0.274222852136697,0.1961222730952624,0.0781005790414346,0.0014771505694402,118.22640659098504,3.0696310549649915e-08,0.0625,3.683557265957989e-07,0.9375
nomic_embed_text_v1_5,noiseproj_cf_128,dae_128,5,0.274222852136697,0.2288524996126542,0.0453703525240427,0.001040417807154,97.51005001000236,6.63207288156843e-08,0.0625,5.305658305254744e-07,0.9375
