encoder,method,effective_dim,clean_ndcg@10,mean_noisy_ndcg@10,clean_recall@100,mean_noisy_recall@100,clean_mrr@10,mean_noisy_mrr@10,clean_map@100,mean_noisy_map@100,input_dim,compression_ratio,storage_reduction_pct,clean_retention_vs_full_pct,noisy_retention_vs_full_pct
minilm_l6_v2,dae_128,128,0.5463195379132336,0.2974927784976817,0.8807718235176456,0.6418908635774951,0.5305705833709419,0.2746446559713758,0.4949005184522343,0.2630847547647707,384,3.0,66.66666666666667,91.34281981326704,92.91967104830992
minilm_l6_v2,dae_256,256,0.556738993351103,0.3093756492623295,0.8807989701360854,0.6531951329424306,0.5405140611193147,0.2861066419864286,0.5044097166177064,0.2738798349424417,384,1.5,33.333333333333336,93.08491830062668,96.63119792347156
minilm_l6_v2,dae_64,64,0.5127069492437073,0.2602778181860076,0.8554440467919657,0.600659789838675,0.4953777080351399,0.2371967228830733,0.4608447955696735,0.2279151283554089,384,6.0,83.33333333333334,85.72290615975675,81.29585319397633
minilm_l6_v2,full_native,384,0.5980979556248425,0.3201612480343501,0.9015464100124724,0.6445360191826336,0.5824893048049579,0.2987169536534977,0.544761522824506,0.2852653269136965,384,1.0,0.0,100.0,100.0
minilm_l6_v2,gaussian_rp_128,128,0.5420378313495408,0.243084553067079,0.8541197894907085,0.5333486456309082,0.5263001199692123,0.2257392213301772,0.4910816254123273,0.2162841047725349,384,3.0,66.66666666666667,90.6269326373579,75.92566388328126
minilm_l6_v2,gaussian_rp_256,256,0.5689866553537388,0.2758554099957263,0.8743361713820249,0.580795381073763,0.5546644220015223,0.2563565150161054,0.5173839420677595,0.2452960980222597,384,1.5,33.333333333333336,95.13268687890924,86.16139888551716
minilm_l6_v2,gaussian_rp_64,64,0.4992364174660548,0.1935223112144381,0.8044414508498057,0.4553825489349258,0.4848976405581949,0.178862104321568,0.4529471783884671,0.17197542588752,384,6.0,83.33333333333334,83.4706777996749,60.445263879554574
minilm_l6_v2,noiseproj_cf_128,128,0.573823839628465,0.3287636984184408,0.8835773903687536,0.6651307016478103,0.5577385179092808,0.3063929583682055,0.5200328597544982,0.2910613608214236,384,3.0,66.66666666666667,95.94144809088706,102.68691180987894
minilm_l6_v2,noiseproj_cf_256,256,0.5941527499488399,0.3504866319468649,0.8972210252546866,0.6815638840070748,0.5784504563342573,0.3278429860577317,0.5410677302486092,0.3117361704574558,384,1.5,33.333333333333336,99.34037465955204,109.47190957640858
minilm_l6_v2,noiseproj_cf_64,64,0.5246888436383764,0.2769173471710175,0.86094991212822,0.6172572198525745,0.5090705351422894,0.2548092068448315,0.4719178642697161,0.2426255116007402,384,6.0,83.33333333333334,87.72623927300097,86.49308711506119
minilm_l6_v2,pca_128,128,0.5757742085654357,0.2905876037050657,0.8935428915562634,0.6119354813894915,0.55937920651417,0.2697355300437853,0.5223220942181224,0.2582302228039677,384,3.0,66.66666666666667,96.2675433263963,90.76289072745264
minilm_l6_v2,pca_256,256,0.5953923940912286,0.3144755415862648,0.8982261763947046,0.6342604212050995,0.5788972709318657,0.2933000648915355,0.5411272414012932,0.2799974236665046,384,1.5,33.333333333333336,99.54763906009552,98.22411160532609
minilm_l6_v2,pca_64,64,0.5283929399376293,0.2396257992665877,0.871686041603644,0.5613126549753564,0.5120057185527386,0.2192495477050874,0.4776364445163253,0.2113199775502248,384,6.0,83.33333333333334,88.34555192311412,74.84534769207242
minilm_l6_v2,svd_128,128,0.5817210449131195,0.293787516916249,0.8970297902102748,0.6201571907912593,0.5659390508147263,0.2722593051785957,0.5285020554432499,0.2608186616757894,384,3.0,66.66666666666667,97.26183469485132,91.76235997328716
minilm_l6_v2,svd_256,256,0.5967996601485923,0.3182544791221933,0.9015359517785616,0.6429809708368923,0.5804655534776433,0.2966934148514372,0.543174098100767,0.2835351136190681,384,1.5,33.333333333333336,99.78292929042136,99.404434820309
minilm_l6_v2,svd_64,64,0.5319479070817958,0.240305883486739,0.8749894356587741,0.5689963751599652,0.5158680113691677,0.2196216024425125,0.4814736663069207,0.2117486815981738,384,6.0,83.33333333333334,88.93993067173443,75.05776697277138
nomic_embed_text_v1_5,dae_128,128,0.5022209145476653,0.2814215195123014,0.8475559705825257,0.6174688815104382,0.4851757215879121,0.2580410805070525,0.4510606530272117,0.2466251698148494,768,6.0,83.33333333333334,83.2566335831845,79.06861713611535
nomic_embed_text_v1_5,dae_256,256,0.5280454217681438,0.3061253999427841,0.8651924070132615,0.6463613102737207,0.51093108245045,0.2831124129022874,0.4751137641425179,0.269374296877705,768,3.0,66.66666666666667,87.53774070724401,86.00945686620864
nomic_embed_text_v1_5,dae_64,64,0.4580610062005344,0.2395791240445305,0.8234445927661289,0.5756518582510166,0.4377570710546888,0.2164873484315533,0.4070076211920905,0.2079801473884039,768,12.0,91.66666666666666,75.9359402352472,67.31251421608087
nomic_embed_text_v1_5,full_native,768,0.603220299612378,0.3559206290756784,0.8959304520737237,0.6649318404605722,0.5879335754773927,0.3335271464965535,0.5475726034893991,0.317300931268833,768,1.0,0.0,100.0,100.0
nomic_embed_text_v1_5,gaussian_rp_128,128,0.5139594025762795,0.2411040091416167,0.8307197165526353,0.522185150868416,0.5030010159745641,0.2225467362950888,0.4657940568430233,0.2131348842290157,768,6.0,83.33333333333334,85.20260390881134,67.74094824673719
nomic_embed_text_v1_5,gaussian_rp_256,256,0.560453262860982,0.2925016358636628,0.8701273260623695,0.5899697002981861,0.5488101847201923,0.2726939483764798,0.510213475335908,0.2600187305690818,768,3.0,66.66666666666667,92.91021260742092,82.18170343856889
nomic_embed_text_v1_5,gaussian_rp_64,64,0.4308828067205794,0.1685964146629757,0.7635675132804134,0.4238683504489517,0.4167475615521541,0.152258920431037,0.3872497958566332,0.1481595569157783,768,12.0,91.66666666666666,71.43042218530435,47.36910448287827
nomic_embed_text_v1_5,native_mrl_128,128,0.5551409885669323,0.2749863389487461,0.8654848981488419,0.5771922671764361,0.5382166998435022,0.2537854880911467,0.5027964541421786,0.243640442878786,768,6.0,83.33333333333334,92.02956016627078,77.26057904058057
nomic_embed_text_v1_5,native_mrl_256,256,0.5812960815445701,0.3180364337717297,0.883147406386021,0.6237085750601976,0.5657339773618492,0.2959027495525,0.5277000374338282,0.2823871932409726,768,3.0,66.66666666666667,96.36547077711144,89.3559990039539
nomic_embed_text_v1_5,native_mrl_64,64,0.4870260802952695,0.2070431476661728,0.8291016801849158,0.4946858485978571,0.472435275274212,0.1887658826668837,0.4416318894433877,0.1829372621781206,768,12.0,91.66666666666666,80.73768084532742,58.17115692446976
nomic_embed_text_v1_5,noiseproj_cf_128,128,0.549308109547301,0.3329299869496144,0.8756229210027022,0.6690989262140615,0.5345654146627126,0.3110608258626313,0.4943066604417381,0.2939961455793994,768,6.0,83.33333333333334,91.06260348006852,93.54051430349222
nomic_embed_text_v1_5,noiseproj_cf_256,256,0.5895762769350821,0.3782014202252458,0.8923279086862619,0.7002113280606431,0.5771052772587586,0.3566954069668924,0.5383930024755883,0.337165381720606,768,3.0,66.66666666666667,97.7381360199477,106.26004488906146
nomic_embed_text_v1_5,noiseproj_cf_64,64,0.4434112381938641,0.247118601508141,0.8170533892485552,0.5896251832870872,0.4272382789053003,0.2263859048836561,0.3953241142176027,0.2156212877517836,768,12.0,91.66666666666666,73.50734689777428,69.43081724425613
nomic_embed_text_v1_5,pca_128,128,0.5374201627088587,0.2767734842483681,0.8733037770893671,0.5880504523848143,0.5201900939303978,0.2537389284834742,0.4832152547991147,0.2433757323186594,768,6.0,83.33333333333334,89.09185633411182,77.7626980956809
nomic_embed_text_v1_5,pca_256,256,0.5809887129974379,0.3229931862343545,0.8916718733565954,0.6307207665203423,0.5648852130501393,0.3004053580102231,0.5260501414638006,0.286579509985797,768,3.0,66.66666666666667,96.31451616777058,90.74865569696364
nomic_embed_text_v1_5,pca_64,64,0.4272388667151041,0.2044920015004918,0.813398790140373,0.5128331290287238,0.408539495371262,0.182421454896215,0.3793219155214744,0.1776760601643422,768,12.0,91.66666666666666,70.82634105477595,57.45438302678748
nomic_embed_text_v1_5,svd_128,128,0.5486706230262215,0.2875304515324149,0.8711210739434873,0.5997944414410123,0.5308220491181972,0.2641592019338283,0.4936152923838174,0.2531165219779263,768,6.0,83.33333333333334,90.95692293160404,80.78499194585267
nomic_embed_text_v1_5,svd_256,256,0.5900696591354416,0.3367262041040119,0.8912282056381629,0.6460231436556281,0.5747599538421787,0.3138555673720046,0.5350959154961081,0.2991542133130024,768,3.0,66.66666666666667,97.81992739876512,94.6071052353683
nomic_embed_text_v1_5,svd_64,64,0.4354744581825521,0.2095405429317015,0.8186342150933088,0.5201981538447734,0.4151098797318074,0.1870995169789103,0.3856721861701369,0.1819085363021659,768,12.0,91.66666666666666,72.19161199687456,58.8728288876865
