encoder,method,top100_overlap,top1_same,lost_hit_at100,first_relevant_rank_shift
MiniLM,Full,0.34305903515051234,0.34529100427021464,0.25135767562281736,29.480300549650668
MiniLM,PCA-128,0.34199766036112517,0.321240291045116,0.27705213435378295,32.53979274168398
MiniLM,DAE-128,0.3675982904613364,0.3326087977413493,0.2403272350484806,27.993052169600617
MiniLM,NoiseProj-CF-128,0.3780553316496003,0.3657179234866255,0.216185092275327,25.999785125157146
E5,Full,0.34702523423181386,0.3892243932580868,0.22427887525804222,26.108386733069267
E5,PCA-128,0.34782574474080413,0.34449735844038537,0.2678235125180959,30.362633419459556
E5,DAE-128,0.3640511917209785,0.31389474330618333,0.25096400266338453,28.148383036084653
E5,NoiseProj-CF-128,0.38995376571906126,0.3786851949097665,0.23728181609999144,28.054476022002557
Nomic,Full,0.362323574905362,0.4051456943105245,0.22766645316775336,26.787278041341533
Nomic,PCA-128,0.35004246185470067,0.3528288793143124,0.2770482424620228,32.50936738800592
Nomic,DAE-128,0.3860309608181782,0.3657479024999925,0.2343003583761638,27.627130577848874
Nomic,NoiseProj-CF-128,0.4158451602656061,0.4193880887413957,0.19812743190517312,23.65407919290981
