dataset,encoder,baseline,baseline_display,regime,ndcg10_mean,ndcg10_sd_training_seed,ndcg10_min,ndcg10_max,seeds,ndcg10_range
arguana,minilm_l6_v2,matryoshka_adaptor_unsupervised,Matryoshka-Adaptor (independent),clean,0.47092603684987505,0.0026342287488979117,0.4683571588306159,0.4736210822515026,3,0.005263923420886718
arguana,minilm_l6_v2,matryoshka_adaptor_unsupervised,Matryoshka-Adaptor (independent),overall_noisy,0.23892776407022495,0.003769389977786439,0.23470951837100676,0.24196592040707082,3,0.0072564020360640635
arguana,minilm_l6_v2,smec_qrel_free,SMEC-QF,clean,0.47845624619749993,0.002945328267128797,0.4750552740617427,0.4801567322653786,3,0.005101458203635889
arguana,minilm_l6_v2,smec_qrel_free,SMEC-QF,overall_noisy,0.2552043308290343,0.009750196000113363,0.2439457742584002,0.2608336091143514,3,0.01688783485595119
arguana,nomic_embed_text_v1_5,matryoshka_adaptor_unsupervised,Matryoshka-Adaptor (independent),clean,0.42638510927527856,0.002080738306530923,0.4248922433041304,0.4287618751392569,3,0.003869631835126508
arguana,nomic_embed_text_v1_5,matryoshka_adaptor_unsupervised,Matryoshka-Adaptor (independent),overall_noisy,0.3000480043389824,0.0008615667963210329,0.2993713505090159,0.3010179181761835,3,0.0016465676671675866
arguana,nomic_embed_text_v1_5,smec_qrel_free,SMEC-QF,clean,0.41554538633590116,0.009883169191812254,0.4064067898144423,0.4260342769379554,3,0.019627487123513143
arguana,nomic_embed_text_v1_5,smec_qrel_free,SMEC-QF,overall_noisy,0.29779382429023143,0.005489857458721505,0.2915545169840907,0.3018839511122941,3,0.010329434128203419
fiqa,minilm_l6_v2,matryoshka_adaptor_unsupervised,Matryoshka-Adaptor (independent),clean,0.31954954165029553,0.0017498031962253496,0.3184641147372584,0.3215681268959142,3,0.0031040121586558
fiqa,minilm_l6_v2,matryoshka_adaptor_unsupervised,Matryoshka-Adaptor (independent),overall_noisy,0.1117514011910744,0.0005720027132361612,0.11119540120318394,0.11233816503337123,3,0.001142763830187285
fiqa,minilm_l6_v2,smec_qrel_free,SMEC-QF,clean,0.3186121809681245,0.0034370422601005517,0.3153530753389397,0.3222030936097448,3,0.006850018270805114
fiqa,minilm_l6_v2,smec_qrel_free,SMEC-QF,overall_noisy,0.110221942681128,0.001288479031780952,0.1087834850501099,0.11127027322583873,3,0.002486788175728824
fiqa,nomic_embed_text_v1_5,matryoshka_adaptor_unsupervised,Matryoshka-Adaptor (independent),clean,0.32132093487448443,0.0018686163944228818,0.3195252601167901,0.3232548182720685,3,0.0037295581552783674
fiqa,nomic_embed_text_v1_5,matryoshka_adaptor_unsupervised,Matryoshka-Adaptor (independent),overall_noisy,0.1148084404215024,0.0009829634423370777,0.11372772951619844,0.1156492373548773,3,0.0019215078386788514
fiqa,nomic_embed_text_v1_5,smec_qrel_free,SMEC-QF,clean,0.3001945756960775,0.0009241954345055787,0.2992934981473785,0.30114027266695,3,0.0018467745195714924
fiqa,nomic_embed_text_v1_5,smec_qrel_free,SMEC-QF,overall_noisy,0.10221166095261647,0.001609915108339333,0.10035689671981948,0.10324727377912997,3,0.0028903770593104866
quora,minilm_l6_v2,matryoshka_adaptor_unsupervised,Matryoshka-Adaptor (independent),clean,0.8669660111848763,0.00019060604840308288,0.8667918087788256,0.8671696061945285,3,0.0003777974157029851
quora,minilm_l6_v2,matryoshka_adaptor_unsupervised,Matryoshka-Adaptor (independent),overall_noisy,0.3914484359783746,0.0006789640379335342,0.3907553975016512,0.39211239090651095,3,0.0013569934048597299
quora,minilm_l6_v2,smec_qrel_free,SMEC-QF,clean,0.8654521858549945,0.0005945065089334604,0.8647998174648226,0.8659634365294673,3,0.0011636190646446831
quora,minilm_l6_v2,smec_qrel_free,SMEC-QF,overall_noisy,0.39643913005778214,0.0004974887759684662,0.39594319211375856,0.3969381552963416,3,0.0009949631825830196
quora,nomic_embed_text_v1_5,matryoshka_adaptor_unsupervised,Matryoshka-Adaptor (independent),clean,0.8148165209024777,0.0013106330282493966,0.8139630668614469,0.8163255931011245,3,0.002362526239677587
quora,nomic_embed_text_v1_5,matryoshka_adaptor_unsupervised,Matryoshka-Adaptor (independent),overall_noisy,0.3188122731301433,0.001156400591749962,0.31786471502597613,0.3201008297948428,3,0.0022361147688666483
quora,nomic_embed_text_v1_5,smec_qrel_free,SMEC-QF,clean,0.7825881395374382,0.0,0.7825881395374382,0.7825881395374382,3,0.0
quora,nomic_embed_text_v1_5,smec_qrel_free,SMEC-QF,overall_noisy,0.29981326453362994,0.0,0.29981326453362994,0.29981326453362994,3,0.0
scifact,minilm_l6_v2,matryoshka_adaptor_unsupervised,Matryoshka-Adaptor (independent),clean,0.605993843630391,0.005333689908905823,0.6016564410950006,0.6119491598083795,3,0.01029271871337889
scifact,minilm_l6_v2,matryoshka_adaptor_unsupervised,Matryoshka-Adaptor (independent),overall_noisy,0.30676439346242174,0.0021553511703302887,0.30496185742816,0.30915182652803647,3,0.004189969099876456
scifact,minilm_l6_v2,smec_qrel_free,SMEC-QF,clean,0.5821610721372769,0.01869333247682358,0.5605774984592709,0.5931824010282714,3,0.032604902569000505
scifact,minilm_l6_v2,smec_qrel_free,SMEC-QF,overall_noisy,0.2879735823724375,0.0035238707989160437,0.28394275945117925,0.29047067354049433,3,0.006527914089315079
scifact,nomic_embed_text_v1_5,matryoshka_adaptor_unsupervised,Matryoshka-Adaptor (independent),clean,0.6506654246783001,0.0027482253957042103,0.647697112784413,0.6531214788714863,3,0.005424366087073307
scifact,nomic_embed_text_v1_5,matryoshka_adaptor_unsupervised,Matryoshka-Adaptor (independent),overall_noisy,0.3583093383213942,0.002604866559459441,0.35584751045415247,0.3610368759407304,3,0.005189365486577946
scifact,nomic_embed_text_v1_5,smec_qrel_free,SMEC-QF,clean,0.6109411481965593,0.006363057582707136,0.6044725610503636,0.6171931457064112,3,0.012720584656047529
scifact,nomic_embed_text_v1_5,smec_qrel_free,SMEC-QF,overall_noisy,0.33507424709097916,0.003588062921944233,0.33139240055814145,0.33856052749592574,3,0.0071681269377842916
